id,provider_name,type,certifications_offered,trade,state,city,format,cost_min,cost_max,duration,financial_aid,website,description
1,ClickSafety,Online Platform,"OSHA 10|OSHA 30|HAZWOPER 8|HAZWOPER 24|HAZWOPER 40|Fall Protection|Scaffolding|Excavation|Confined Spaces|DOT Hazmat",General Safety,US,Online,Online,59,159,10-30 hours,No,https://www.clicksafety.com,"First provider to offer OSHA 10/30 online; enterprise dashboards and compliance tracking for 10000+ organizations"
2,360training (OSHAcampus),Online Platform,"OSHA 10|OSHA 30|EPA 608|HAZWOPER|Food Safety",Multiple,US,Online,Online,49,160,10-30 hours,No,https://www.360training.com,"Multi-industry compliance training with 4M+ users; frequent coupon campaigns can drop OSHA 30 under $90"
3,CareerSafe,Online Platform,OSHA 10|OSHA 30,General Safety,US,Online,Online,49,189,10-30 hours,No,https://www.careersafeonline.com,"Fastest DOL card delivery at 2 business days with no extra fee; popular for workers with tight job-start deadlines"
4,OSHAcademy,Online Platform,OSHA 10|OSHA 30|100+ Safety Courses,General Safety,US,Online,Online,0,100,10-30 hours,Free,https://www.oshaacademy.com,"Free access to study materials with 100+ courses; users only pay for certificates of completion"
5,OSHA.com (UL Solutions / PureSafety),Online Platform,OSHA 10|OSHA 30|State-Specific OSHA,General Safety,US,Online,Online,89,189,10-30 hours,No,https://www.osha.com,"UL Solutions backed OSHA training with state-specific course options and DOL card delivery in 2-4 weeks"
6,OSHA Outreach Courses,Online Platform,OSHA 10|OSHA 30,General Safety,US,Online,Online,49,189,10-30 hours,No,https://www.oshaoutreachcourses.com,"OSHA-authorized online provider offering 10 and 30 hour Construction and General Industry courses with DOL card"
7,SkillCat,Online Platform,"EPA 608|EPA 609|OSHA 10|NATE Ready-to-Work|HVAC Diploma|Plumbing Diploma|Electrical Diploma",Multiple,US,Online,Online,10,10,Varies,No,https://www.skillcatapp.com,"Mobile app with 300K+ students; EPA 608 exam for just $10 with 98% pass rate; IACET-accredited"
8,Interplay Learning (NATE Academy),Online Platform,NATE Certification (all levels),HVAC,US,Online,Online,30,100,Varies,No,https://www.interplaylearning.com/partner/nate/,"Exclusive NATE online prep partner with interactive 3D/VR simulations and on-demand video courses"
9,Penn Foster,Online Platform,"HVAC Technician Diploma|Residential Electrician Diploma|Refrigeration Mechanic|Electrical Maintenance",Multiple,US,Online,Online,50,200,6-12 months,WIOA,https://www.pennfoster.edu/programs/trades,"Structured online trade career diplomas with customized payment plans and first-payment match programs"
10,Smart Buildings Academy,Online Platform,"BAS100 Fundamentals|BAS001 A to Z|Building Automation Technician Certificate",HVAC,US,Online,Online,100,500,11 weeks,No,https://www.smartbuildingsacademy.com,"Vendor-agnostic building automation training used by 2000+ companies including Trane and Honeywell"
11,Drone Pilot Ground School,Online Platform,FAA Part 107 Remote Pilot Certificate,Multiple,US,Online,Online,199,299,20-40 hours,No,https://www.dronepilotgroundschool.com,"70K+ students with 99% first-time pass rate; pass guarantee includes testing fee coverage if you fail"
12,GBRI,Online Platform,"LEED Green Associate|LEED AP BD+C|LEED AP O+M|WELL AP",Multiple,US,Online,Online,199,249,40-80 hours,No,https://www.gbrionline.org,"LEED exam prep with scholarship program offering 30-50% off; student and military discounts available"
13,Red Cross Online,Online Platform,CPR/AED|First Aid|BLS|Wilderness First Aid,General Safety,US,Online,Hybrid,35,90,4-8 hours,No,https://www.redcross.org/take-a-class/cpr,"Online knowledge portion with required in-person skills session; 2-year OSHA-compliant certification"
14,Solar Energy International (SEI),Online Platform,"NABCEP Associate|NABCEP PV Installation Professional|PVOL101|PVOL202|PVOL203",Solar,US,Online,Hybrid,500,2000,40-80 hours,No,https://www.solarenergy.org/nabcep,"Leading NABCEP certification prep provider with online and in-person courses for solar professionals"
15,EVITP,Online Platform,EVITP EV Charger Installation,Electrical,US,Online,Online,275,275,20 hours,Employer Paid,https://evitp.org,"Nonprofit EV charging infrastructure certification; California offers up to $2.7M in ETP funding for this cert"
16,Coursera,Online Platform,Construction Management|Energy Courses|Google Certificates,Multiple,US,Online,Online,0,50,Varies,No,https://www.coursera.org,"University-partnered trade-adjacent courses with free auditing; some offer university credit"
17,Udemy,Online Platform,"NICET Fire Alarm Level I|NEC Code|HVAC Fundamentals|Welding",Multiple,US,Online,Online,10,30,Varies,No,https://www.udemy.com,"Affordable self-paced trade cert prep courses with frequent sales at $9.99-29.99; lifetime access"
18,Mainstream Engineering (epatest.com),Online Platform,EPA 608 (Type I|Type II|Type III|Universal),HVAC,US,Online,Proctored Online,25,25,2-4 hours,No,https://ww2.epatest.com,"Lowest cost EPA 608 online proctored exam starting at $24.95; testing locator for in-person sites"
19,Mike Holt Enterprises,Exam Prep,"FL Electrical Contractor (EC)|NEC Code Training|Exam Preparation",Electrical,FL,Seminole,Hybrid,40,600,Varies,No,https://www.mikeholt.com,"Industry gold standard for electrical exam prep; thousands of electricians have passed using Mike Holt materials"
20,Gold Coast Schools,Exam Prep,"General Contractor|Building Contractor|Residential Contractor|Electrical Contractor|HVAC Contractor|Roofing Contractor|Plumbing Contractor",Multiple,FL,Fort Lauderdale,Hybrid,300,1200,1 year access,No,https://goldcoastschools.com,"Founded 1970 with multiple South FL campuses; unlimited classes and 2-Day Cram Workshops for 1 year"
21,"Contractors Exam Prep (CEI)",Exam Prep,FL Contractor Exam Prep (multiple categories),Multiple,FL,Online,Online,100,500,Varies,No,https://mycontractorexam.com,"Florida exam prep with practice tests and reference book navigation training for multiple contractor categories"
22,RocketCert,Exam Prep,"FL Plumbing Contractor|NICET Fire Alarm|Various FL Trades",Multiple,FL,Online,Online,50,300,Varies,No,https://rocketcert.com,"Online study materials and practice exams for Florida plumbing contractor and NICET fire alarm certifications"
23,Palm Construction School,Exam Prep,FL Contractor Exam Prep|FL Contractor CE,Multiple,FL,Online,Hybrid,50,300,Varies,No,https://palm-school.com,"Florida contractor exam prep and continuing education available online and in-person"
24,Fire Tech Productions,Exam Prep,"NICET Level I Inspection & Testing|NICET Level II|Water-Based Systems",Fire Protection,FL,Tampa,Hybrid,200,800,Varies,No,https://learning.firetech.com,"In-person Tampa seminars plus online NICET Level I and II prep for fire alarm and water-based systems"
25,MeyerFire,Exam Prep,NICET Fire Alarm Practice Exams|NICET Study Tools,Fire Protection,US,Online,Online,50,200,Varies,No,https://www.meyerfire.com/nicet.html,"ICC Preferred Education Provider and NICET Recognized Training Provider with comprehensive study tools"
26,ETI (Educational Training Institute),Exam Prep,NICET Sprinkler|NICET Fire Alarm|CPD/CEU,Fire Protection,US,Online,Online,50,300,Varies,No,https://eticed.com,"Online NICET sprinkler and fire alarm courses eligible for Continuing Professional Development credits"
27,Fire Alarm Training,Exam Prep,NICET Fire Alarm (practical skills),Fire Protection,US,Online,Online,50,200,Varies,No,https://firealarm.training,"NICET Recognized Training Provider focused on practical fire alarm skills and exam preparation"
28,National Training Center,Exam Prep,NICET Fire Alarm I&T Level I,Fire Protection,US,Online,Online,100,300,30-day access,No,https://nationaltrainingcenter.com,"NICET Fire Alarm Inspection and Testing Level I training with 30-day course access period"
29,Fire Cert Academy,Exam Prep,NICET Fire Alarm Practice Exams,Fire Protection,US,Online,Online,30,150,Varies,No,https://firecertacademy.com,"NICET fire alarm practice exams and study resources for all certification levels"
30,Contractors State License Schools (CSLS),Exam Prep,All CA CSLB Classifications (A|B|C-10|C-20|C-36|C-46),Multiple,CA,Multiple,Hybrid,295,1195,Varies,No,https://contractorslicensingschools.com,"40+ years with 200K+ graduates and 99% pass rate; 25 CA locations with money-back pass guarantee"
31,Contractors State License Services,Exam Prep,CA CSLB Classifications,Multiple,CA,Multiple,Hybrid,300,800,Varies,No,https://contractorexamschools.com,"California contractor license exam preparation in classroom; online; and hybrid formats"
32,Contractors iSchool,Exam Prep,CA CSLB Classifications,Multiple,CA,Multiple,Hybrid,200,600,Varies,No,https://www.contractorsischool.com,"California contractor license exam preparation for multiple trade classifications"
33,Contractor School,Exam Prep,CA CSLB Classifications,Multiple,CA,Online,Online,300,800,Varies,No,https://contractorschool.com,"CSLB exam prep with guaranteed pass; provides total licensing cost breakdowns for applicants"
34,Electrical Training Center Inc.,Training School,"C-10 Electrical|Master Plumber|Master Electrician|NABCEP",Electrical,CA,Multiple,Hybrid,500,2000,Varies,No,https://electricaltrainingcenter.edu,"NABCEP registered training provider offering master electrician/plumber license prep courses"
35,USF OSHA Training Institute Education Center,Training School,"OSHA 10|OSHA 30|OSHA #500|OSHA #501|OSHA #510|OSHA #511|Fall Protection|Confined Spaces",General Safety,FL,Wesley Chapel,Hybrid,200,800,Varies,No,https://health.usf.edu/publichealth/research/otiec,"Primary OTI Education Center serving Florida and the Southeast; full OSHA catalog including trainer courses"
36,UF TREEO Center,Training School,"OSHA Outreach|Safety Fundamentals|Backflow Prevention Tester",Multiple,FL,Gainesville,Hybrid,200,800,32 hours,No,https://treeo.ufl.edu/osha-training/,"Only training provider endorsed by FL Section of AWWA for backflow prevention; statewide coverage"
37,CSUDH OSHA Training Institute Education Center,Training School,"OSHA 10|OSHA 30|OSHA #500|OSHA #501|OSHA #510|OSHA #511|Cal/OSHA",General Safety,CA,Carson,Hybrid,200,800,Varies,No,https://www.csudh.edu/osha/,"Only CSU awarded DOL OTI Education Center; serves CA; AZ; NV; HI; Guam; American Samoa; CNMI"
38,UC San Diego Extension OTI Education Center,Training School,"Cal/OSHA|Federal OSHA|Industry-Specific Safety",General Safety,CA,San Diego,In-Person,200,800,Varies,No,https://extendedstudies.ucsd.edu/osha/courses/cal-osha-courses,"Serves the western US including AK; AZ; CA; HI; ID; NV; OR; WA with in-person OSHA courses"
39,Chabot-Las Positas CCD OTI Education Center,Training School,"OSHA Outreach|Safety Management|Train-the-Trainer",General Safety,CA,Dublin,Hybrid,200,800,Varies,No,https://osha4you.com,"OSHA Training Institute Education Center serving Northern California and surrounding states"
40,HAZWOPER Center Miami,Training School,"OSHA 10|OSHA 30|HAZWOPER 8|HAZWOPER 24|HAZWOPER 40|Confined Space|Fall Protection",General Safety,FL,Miami,In-Person,200,2000,1-5 days,No,https://osha-pros.com,"In-person OSHA and HAZWOPER training in South Florida including confined space and fall protection"
41,HAZWOPER Center Los Angeles,Training School,"OSHA 10|OSHA 30|HAZWOPER|Confined Space|Fall Protection",General Safety,CA,Los Angeles,In-Person,200,2000,1-5 days,No,https://hazwopercenter.com,"In-person OSHA and HAZWOPER training in the LA metro area with multiple safety course offerings"
42,UniShield,Training School,"OSHA Compliance|Cal/OSHA|CPR/First Aid|Fall Protection",General Safety,CA,Los Angeles,In-Person,50,300,4-8 hours,No,https://socalfirstaid.com,"Covers Greater LA; San Diego; Orange; Ventura; and San Bernardino Counties for safety and CPR training"
43,OSHA Training Services Inc.,Training School,"OSHA 10|OSHA 30|Confined Space|Excavation Competent Person",General Safety,FL,Multiple,In-Person,200,800,1-4 days,No,https://oshatraining.com,"On-site OSHA training throughout Florida for construction and general industry companies"
44,Tulsa Welding School - Jacksonville,Training School,"Professional Welding|Welding Specialist with Pipefitting|HVAC/R|Electrical Lineworker|AWS CW",Multiple,FL,Jacksonville,In-Person,18000,21525,7-9.5 months,GI Bill,https://www.tws.edu/campus/jacksonville/,"AWS Accredited Test Facility with FAFSA-eligible programs; GI Bill approved; 7-month welding program"
45,Miami Dade College,Community College,"Electrical|HVAC|Welding|Construction Management",Multiple,FL,Miami,In-Person,3000,6000,1-2 years,Yes,https://www.mdc.edu,"Affordable trade certification programs with Title IV financial aid eligibility and Pell Grant options"
46,Valencia College,Community College,"HVAC|Electrical|Construction Technology",Multiple,FL,Orlando,In-Person,3000,6000,1-2 years,Yes,https://www.valenciacollege.edu,"Orlando area community college offering HVAC; electrical; and construction technology programs"
47,Hillsborough Community College,Community College,"Electrical|HVAC|Welding|Construction Management",Multiple,FL,Tampa,In-Person,3000,6000,1-2 years,Yes,https://www.hccfl.edu,"Tampa area community college with trade programs in electrical; HVAC; welding; and construction"
48,Indian River State College (IRSC),Community College,"Electrical Apprenticeship|Plumbing Apprenticeship|Welding Apprenticeship|HVAC Apprenticeship",Multiple,FL,Fort Pierce,In-Person,2000,6000,2-4 years,Yes,https://www.irsc.edu,"Registered apprenticeship programs with employer-sponsored training options on the Treasure Coast"
49,South Florida State College (SFSC),Community College,"Welding (AWS)|OSHA|Forklift|NCCER Core|Electrical|Carpentry|Plumbing|Masonry",Multiple,FL,Avon Park,In-Person,3000,6000,8 weeks - 2 years,Yes,https://www.southflorida.edu,"NCCER accredited with AWS certifications; eight-week certificate courses available; OSHA and forklift credentials"
50,Orange Technical College,Training School,"Welding|HVAC/R|Electrical|Plumbing|OSHA",Multiple,FL,Orlando,In-Person,3000,6000,1-2 years,Yes,https://www.orangetechcollege.net,"Orlando technical college offering trade certification programs with OSHA training integration"
51,Manatee Technical College,Training School,"Welding (AWS ATF)|Electrical|HVAC|Construction",Multiple,FL,Bradenton,In-Person,3000,6000,1-2 years,Yes,https://www.manateetech.edu,"One of only four AWS Accredited Test Facilities in Florida; also offers NCCER accredited training"
52,College of Central Florida,Community College,Welding Technology Career & Technical Certificate,Welding,FL,Ocala,In-Person,3000,5000,1 year,Yes,https://www.cf.edu,"Welding technology career and technical certificate program in the Ocala area"
53,First Coast Technical College,Training School,Various Trade Programs|Pearson VUE Testing,Multiple,FL,St. Augustine,In-Person,3000,6000,Varies,Yes,https://www.fctc.edu,"Trade programs with on-site Pearson VUE testing center for contractor and professional exams"
54,Pensacola State College,Community College,Various Trade Programs|Pearson VUE Testing,Multiple,FL,Pensacola,In-Person,3000,5000,Varies,Yes,https://www.pensacolastate.edu,"Northwest Florida trade programs with integrated Pearson VUE testing center"
55,Pearson VUE - Jacksonville FL,Testing Center,"FL DBPR Construction Exams|NICET|Professional Exams",Multiple,FL,Jacksonville,In-Person,135,135,Varies,No,https://www.pearsonvue.com/us/en/fl/construction.html,"Testing center at 8659 Baypine Road Suite 305 for FL contractor licensing and NICET exams"
56,Pearson VUE - Miami FL,Testing Center,"FL DBPR Construction Exams|NICET|Professional Exams",Multiple,FL,Miami,In-Person,135,135,Varies,No,https://www.pearsonvue.com/us/en/fl/construction.html,"Testing center at 8615-8617 South Dixie Highway for FL contractor and professional certification exams"
57,Pearson VUE - Orlando FL,Testing Center,"FL DBPR Construction Exams|NICET|Professional Exams",Multiple,FL,Orlando,In-Person,135,135,Varies,No,https://www.pearsonvue.com/us/en/fl/construction.html,"Testing center at 1707 Orlando Central Parkway Suite 300 for FL contractor licensing exams"
58,Pearson VUE - Tampa FL,Testing Center,"FL DBPR Construction Exams|NICET|Professional Exams",Multiple,FL,Tampa,In-Person,135,135,Varies,No,https://www.pearsonvue.com/us/en/fl/construction.html,"Testing center at 3922 Coconut Palm Drive Suite 101 for FL contractor and NICET certification exams"
59,Pearson VUE - Tampa FL (Urban Center),Testing Center,"FL DBPR Construction Exams|NICET|Professional Exams",Multiple,FL,Tampa,In-Person,135,135,Varies,No,https://www.pearsonvue.com/us/en/fl/construction.html,"Alternate Tampa testing center at One Urban Center Suite 442 for FL contractor exams"
60,Pearson VUE - St. Petersburg FL,Testing Center,"FL DBPR Construction Exams|NICET|Professional Exams",Multiple,FL,St. Petersburg,In-Person,135,135,Varies,No,https://www.pearsonvue.com/us/en/fl/construction.html,"Testing center at 877 Executive Center Drive Suite 350 in Baypoint Commerce Center"
61,Pearson VUE - Fort Lauderdale FL,Testing Center,"FL DBPR Construction Exams|NICET|Professional Exams",Multiple,FL,Fort Lauderdale,In-Person,135,135,Varies,No,https://www.pearsonvue.com/us/en/fl/construction.html,"Testing center at 6499 Powerline Road Suite 101 for FL contractor licensing and professional exams"
62,Pearson VUE - Fort Lauderdale FL (NW 33rd),Testing Center,"FL DBPR Construction Exams|NICET|Professional Exams",Multiple,FL,Fort Lauderdale,In-Person,135,135,Varies,No,https://www.pearsonvue.com/us/en/fl/construction.html,"Alternate Fort Lauderdale testing center at 5300 NW 33rd Avenue Suite 218"
63,Pearson VUE - Pembroke Pines FL,Testing Center,"FL DBPR Construction Exams|NICET|Professional Exams",Multiple,FL,Pembroke Pines,In-Person,135,135,Varies,No,https://www.pearsonvue.com/us/en/fl/construction.html,"Testing center at 7369 Sheridan Street Suite 204 for FL contractor and professional exams"
64,Pearson VUE - Plantation FL,Testing Center,"FL DBPR Construction Exams|NICET|Professional Exams",Multiple,FL,Plantation,In-Person,135,135,Varies,No,https://www.pearsonvue.com/us/en/fl/construction.html,"Testing center at 1000 South Pine Island Road Suite 260 for FL contractor licensing exams"
65,Pearson VUE - Coral Springs FL,Testing Center,"FL DBPR Construction Exams|NICET|Professional Exams",Multiple,FL,Coral Springs,In-Person,135,135,Varies,No,https://www.pearsonvue.com/us/en/fl/construction.html,"Testing center at 3300 N. University Drive Suite 308 for FL contractor and professional exams"
66,Pearson VUE - Deerfield Beach FL,Testing Center,"FL DBPR Construction Exams|NICET|Professional Exams",Multiple,FL,Deerfield Beach,In-Person,135,135,Varies,No,https://www.pearsonvue.com/us/en/fl/construction.html,"Testing center at 1191 East Newport Center Drive 3rd Floor Penthouse A"
67,Pearson VUE - Lakeland FL,Testing Center,"FL DBPR Construction Exams|NICET|Professional Exams",Multiple,FL,Lakeland,In-Person,135,135,Varies,No,https://www.pearsonvue.com/us/en/fl/construction.html,"Testing center at 212 E Highland Drive Suite 101 serving Polk County and Central FL"
68,Pearson VUE - Gainesville FL,Testing Center,"FL DBPR Construction Exams|NICET|Professional Exams",Multiple,FL,Gainesville,In-Person,135,135,Varies,No,https://www.pearsonvue.com/us/en/fl/construction.html,"Testing center at 2815 NW 13th Street Suite 101 serving North Central Florida"
69,Pearson VUE - Clearwater FL,Testing Center,"FL DBPR Construction Exams|NICET|Professional Exams",Multiple,FL,Clearwater,In-Person,135,135,Varies,No,https://www.pearsonvue.com/us/en/fl/construction.html,"Testing center at 10990 US Highway 19 North serving Tampa Bay area"
70,Pearson VUE - Altamonte Springs FL,Testing Center,"FL DBPR Construction Exams|NICET|Professional Exams",Multiple,FL,Altamonte Springs,In-Person,135,135,Varies,No,https://www.pearsonvue.com/us/en/fl/construction.html,"Testing center at 237 South Westmonte Drive Suite 305 serving Orlando metro"
71,PSI Testing - Orlando FL,Testing Center,"FL Alarm Systems|FL Business & Finance|FL CGC|FL CBC|FL CRC|FL Limited Energy",Multiple,FL,Orlando,In-Person,100,200,Varies,No,https://www.psiexams.com,"PSI testing center at 5125 Adanson Street administering FL contractor licensing exams"
72,PSI Testing - Miami FL,Testing Center,"FL Alarm Systems|FL Business & Finance|FL CGC|FL CBC|FL CRC|FL Residential Electrical",Multiple,FL,Miami,In-Person,100,200,Varies,No,https://www.psiexams.com,"PSI testing center at 5600 NW 36th Street administering multiple FL contractor exams"
73,ESCO Institute - Florida,Testing Center,"EPA 608 Type I|EPA 608 Type II|EPA 608 Type III|EPA 608 Universal",HVAC,FL,Homestead,In-Person,100,775,4 hours,No,https://www.escogroup.org/training/epa608.aspx,"Multiple ESCO-approved test sites in Florida; one-on-one proctored exams available in Homestead"
74,CICB Orlando Training Center,Training School,"NCCCO Certification Prep|Crane Safety|Rigging Training|OSHA Compliance",Crane Operation,FL,Orlando,In-Person,1000,5000,3-5 days,No,https://www.cicb.com/orlando-training-center,"Crane operator training covering Orlando; Miami; Tampa; Fort Lauderdale; Jacksonville and more FL cities"
75,The Crane School - Seffner,Training School,"NCCCO Certification Prep|Mobile Crane Training",Crane Operation,FL,Seffner,In-Person,2000,5000,5 days,No,https://thecraneschool.com,"NCCCO certification prep and mobile crane operator training in the Tampa Bay area"
76,The Crane School - Jacksonville,Training School,"NCCCO Certification Prep|Mobile Crane Training",Crane Operation,FL,Jacksonville,In-Person,2000,5000,5 days,No,https://thecraneschool.com/florida-jacksonville,"NCCCO crane operator certification prep and training serving Northeast Florida"
77,"Crane Edge, LLC",Training School,"NCCCO Written Exam Training|Crane Operator Prep",Crane Operation,FL,Multiple,Hybrid,1000,3000,3-5 days,No,https://floridacranetraining.com,"NCCCO written exam training at your site; their facility; or online proctored throughout Florida"
78,Academy Training Center,Training School,"NCCER Signal Person|NCCER Rigger Level I|NCCER Rigger Level II|Crane Operator Prep",Crane Operation,FL,Multiple,In-Person,500,2000,3-5 days,No,https://getacademytrained.com,"NCCER accredited training for signal person certification and rigger credentials at multiple FL locations"
79,Magwood Weld Inspections,Testing Center,"AWS Certified Welder (CW)|Structural Welding|Pipe Welding",Welding,FL,Multiple,In-Person,200,500,Varies,No,https://magwoodweldinspection.com,"AWS CWI-established comprehensive welder testing in South Florida"
80,"Kruger's Training Academy",Training School,Backflow Prevention Assembly Tester Certification,Plumbing,FL,Multiple,In-Person,400,800,32 hours,No,https://krugerstraining.academy/florida,"32-hour Backflow Prevention Testers Certification Course (USC-FCCHR 10th Edition) at multiple FL locations"
81,Backflow Institute,Training School,Certified Backflow Tester,Plumbing,FL,Multiple,In-Person,400,800,32 hours,No,https://backflowinstitute.com,"FL CILB #0004963 certified backflow tester courses offered statewide"
82,Contractors Prep (Institute of Cross Connections),Training School,Backflow Prevention Testers Certification,Plumbing,FL,Multiple,In-Person,400,800,32 hours,No,https://1contractorsprep.com,"32-hour Backflow Prevention Testers Certification Course offered statewide in Florida"
83,Red Cross - Miami FL,Red Cross/AHA,"CPR/AED|First Aid|BLS",General Safety,FL,Miami,Hybrid,35,90,4-8 hours,No,https://www.redcross.org/local/florida/take-a-class/cpr-miami-fl,"American Red Cross CPR and First Aid classes with online; blended; and full in-person options"
84,Red Cross - Fort Lauderdale FL,Red Cross/AHA,"CPR/AED|First Aid|BLS",General Safety,FL,Fort Lauderdale,Hybrid,35,90,4-8 hours,No,https://www.redcross.org/local/florida/take-a-class/cpr-fort-lauderdale-fl,"2-year OSHA-compliant CPR/First Aid certification with blended learning format"
85,Red Cross - Orlando FL,Red Cross/AHA,"CPR/AED|First Aid|BLS",General Safety,FL,Orlando,Hybrid,35,90,4-8 hours,No,https://www.redcross.org/local/florida/take-a-class/cpr-orlando-fl,"Red Cross CPR and First Aid classes in Central Florida with multiple delivery formats"
86,Red Cross - Tampa FL,Red Cross/AHA,"CPR/AED|First Aid|BLS",General Safety,FL,Tampa,Hybrid,35,90,4-8 hours,No,https://www.redcross.org/local/florida/take-a-class/cpr-tampa-fl,"Red Cross CPR and First Aid training in the Tampa Bay area"
87,Red Cross - Jacksonville FL,Red Cross/AHA,"CPR/AED|First Aid|BLS",General Safety,FL,Jacksonville,Hybrid,35,90,4-8 hours,No,https://www.redcross.org/local/florida/take-a-class/cpr-jacksonville-fl,"Red Cross CPR and First Aid classes serving Northeast Florida"
88,HeartCore Medical Training,Red Cross/AHA,"CPR|BLS|ACLS|PALS",General Safety,FL,Orlando,In-Person,50,200,4-8 hours,No,https://heartcoremedicaltraining.com,"AHA-authorized training center offering BLS; ACLS; and PALS courses in Central Florida"
89,Mid-Florida CPR,Red Cross/AHA,"AHA BLS|ACLS|PALS|Instructor Classes",General Safety,FL,Longwood,In-Person,50,200,4-8 hours,No,https://midflcpr.com,"AHA training center near Orlando offering BLS; ACLS; PALS; and instructor certification classes"
90,CPR Florida,Red Cross/AHA,"BLS|ACLS|PALS|CPR|First Aid",General Safety,FL,Multiple,In-Person,50,200,4-8 hours,No,https://cprflorida.net,"AHA-certified CPR and First Aid training at multiple locations throughout Florida"
91,HealthForce Training Center,Red Cross/AHA,"CPR|BLS|ACLS|PALS|First Aid",General Safety,FL,Jacksonville,In-Person,50,200,4-8 hours,No,https://healthforcetrainingcenter.com,"Multi-location AHA training center serving Jacksonville; Gainesville; and surrounding areas"
92,ABC Florida Gulf Coast Chapter,Union Training Center,"Electrical Apprenticeship|HVAC Apprenticeship|Plumbing Apprenticeship|Sheet Metal Apprenticeship|NCCER",Multiple,FL,Tampa,In-Person,0,5000,4 years,Employer Paid,https://www.abc.org,"Merit shop apprenticeships with earn-while-you-learn model; employer pays tuition; NCCER accredited"
93,Contractors Institute,Exam Prep,FL Contractor Continuing Education,Multiple,FL,Online,Online,50,200,14 hours,No,https://contractorsinstitute.com,"DBPR-approved continuing education provider for Florida licensed contractors"
94,Training Licensing Center (TLC),Exam Prep,FL Contractor Continuing Education,Multiple,FL,Online,Online,50,200,14 hours,No,https://tlclicensing.com,"Online DBPR-approved continuing education for Florida contractor license renewal"
95,PacePDH,Exam Prep,FL Contractor Continuing Education,Multiple,FL,Online,Online,30,150,14 hours,No,https://pacepdh.com,"Online continuing education provider approved by Florida DBPR for contractor CE requirements"
96,PSI Testing - Agoura Hills CA,Testing Center,"CA CSLB Contractor Exams (Class A|B|C trades)",Multiple,CA,Agoura Hills,In-Person,100,200,Varies,No,https://www.psiexams.com,"PSI testing center administering CSLB contractor licensing exams in the LA metro area"
97,PSI Testing - Carson CA,Testing Center,"CA CSLB Contractor Exams (Class A|B|C trades)",Multiple,CA,Carson,In-Person,100,200,Varies,No,https://www.psiexams.com,"PSI testing center for CSLB exams in South LA / South Bay area"
98,PSI Testing - Fresno CA,Testing Center,"CA CSLB Contractor Exams (Class A|B|C trades)",Multiple,CA,Fresno,In-Person,100,200,Varies,No,https://www.psiexams.com,"PSI testing center for CSLB contractor licensing exams in the Central Valley"
99,PSI Testing - Irvine CA,Testing Center,"CA CSLB Contractor Exams (Class A|B|C trades)",Multiple,CA,Irvine,In-Person,100,200,Varies,No,https://www.psiexams.com,"PSI testing center for CSLB contractor licensing exams in Orange County"
100,PSI Testing - Sacramento CA,Testing Center,"CA CSLB Contractor Exams (Class A|B|C trades)",Multiple,CA,Sacramento,In-Person,100,200,Varies,No,https://www.psiexams.com,"PSI testing center for CSLB contractor licensing exams in the Sacramento capital region"
101,PSI Testing - San Diego CA,Testing Center,"CA CSLB Contractor Exams (Class A|B|C trades)",Multiple,CA,San Diego,In-Person,100,200,Varies,No,https://www.psiexams.com,"PSI testing center for CSLB contractor licensing exams in Southern California"
102,PSI Testing - San Francisco CA,Testing Center,"CA CSLB Contractor Exams (Class A|B|C trades)",Multiple,CA,San Francisco,In-Person,100,200,Varies,No,https://www.psiexams.com,"PSI testing center for CSLB contractor licensing exams in the Bay Area"
103,PSI Testing - Riverside CA,Testing Center,"CA CSLB Contractor Exams (Class A|B|C trades)",Multiple,CA,Riverside,In-Person,100,200,Varies,No,https://www.psiexams.com,"PSI testing center for CSLB contractor licensing exams in the Inland Empire"
104,PSI Testing - Santa Clara CA,Testing Center,"CA CSLB Contractor Exams (Class A|B|C trades)",Multiple,CA,Santa Clara,In-Person,100,200,Varies,No,https://www.psiexams.com,"PSI testing center for CSLB contractor licensing exams in Silicon Valley / South Bay Area"
105,Brownson Technical School,Training School,"EPA 608|HVAC Professional Certification",HVAC,CA,Anaheim,In-Person,200,1000,Varies,No,https://brownson.edu/hvac-professional-certification-testing/,"HVAC professional certification testing and EPA 608 exams in Orange County"
106,California Crane School - LA,Training School,"NCCCO Certification Prep|Mobile Crane Training|Cal/OSHA Title 8",Crane Operation,CA,Los Angeles,In-Person,2000,6000,5 days,No,https://californiacraneschool.com,"NCCCO certification prep with Cal/OSHA Title 8 specific training at LA training yard"
107,California Crane School - Sacramento,Training School,"NCCCO Certification Prep|Mobile Crane Training|Cal/OSHA Title 8",Crane Operation,CA,Sacramento,In-Person,2000,6000,5 days,No,https://californiacraneschool.com,"NCCCO certification prep with Cal/OSHA Title 8 specific training at Sacramento yard"
108,American Crane School,Training School,NCCCO Crane Operator Certification,Crane Operation,CA,Multiple,In-Person,2000,5000,5 days,No,https://americancraneschool.com,"NCCCO crane operator certification and training courses throughout California"
109,Performance Training Solutions (PTS),Training School,NCCCO Certification/Recertification Prep,Crane Operation,CA,Multiple,In-Person,1500,4000,3-5 days,No,https://www.ptsworks.com,"NCCCO certification and recertification prep and test program"
110,ABC Southern California Chapter,Union Training Center,"Electrical Apprenticeship|HVAC Apprenticeship|Plumbing Apprenticeship|Sheet Metal Apprenticeship|NCCER",Multiple,CA,Anaheim,In-Person,0,5000,4 years,Employer Paid,https://www.abcsocal.org,"NCCER accredited since 1994; 4-year apprenticeships with 8000 OJT hours and 576+ classroom hours"
111,Urban Workshop (AWS ATF),Testing Center,"AWS Certified Welder|Structural Welding|Pipe Welding|Specialty Welding",Welding,CA,Costa Mesa,In-Person,200,500,Varies,No,https://urbanworkshop.net/awstest,"AWS Accredited Test Facility for welder performance qualification testing in Orange County"
112,College of the Canyons (AWS ATF),Testing Center,AWS Certified Welder,Welding,CA,Santa Clarita,In-Person,200,500,Varies,No,https://www.canyons.edu,"AWS Accredited Test Facility at community college in the Santa Clarita Valley"
113,Energy Code Ace,Training School,"CA Title 24 Part 6|2025 Residential Standards|Lighting|Energy Code Compliance",Multiple,CA,Multiple,Hybrid,0,0,Varies,Free,https://energycodeace.com,"Free Title 24 training funded by CA utility customers through PG&E; SDG&E; and Southern California Edison"
114,CHEERS,Training School,HERS Rater Certification|ECC-Rater Certification,Multiple,CA,Multiple,In-Person,500,2000,Varies,No,https://www.cheers.org,"CEC-approved HERS/ECC provider for California building energy code compliance testing and rating"
115,CalCERTS Training,Training School,HERS Rater Training|ECC-Rater Training,Multiple,CA,Los Angeles,In-Person,500,2000,Varies,No,https://www.calcerts.com,"HERS rater training programs in partnership with Center for Sustainable Energy in LA and San Diego"
116,Red Cross - Los Angeles CA,Red Cross/AHA,"CPR/AED|First Aid|BLS",General Safety,CA,Los Angeles,Hybrid,35,90,4-8 hours,No,https://www.redcross.org/take-a-class/cpr,"Red Cross CPR and First Aid classes serving the Los Angeles metro area"
117,Red Cross - San Francisco CA,Red Cross/AHA,"CPR/AED|First Aid|BLS",General Safety,CA,San Francisco,Hybrid,35,90,4-8 hours,No,https://www.redcross.org/take-a-class/cpr,"Red Cross CPR and First Aid classes serving the San Francisco Bay Area"
118,Red Cross - San Diego CA,Red Cross/AHA,"CPR/AED|First Aid|BLS",General Safety,CA,San Diego,Hybrid,35,90,4-8 hours,No,https://www.redcross.org/take-a-class/cpr,"Red Cross CPR and First Aid classes serving San Diego County"
119,Red Cross - Sacramento CA,Red Cross/AHA,"CPR/AED|First Aid|BLS",General Safety,CA,Sacramento,Hybrid,35,90,4-8 hours,No,https://www.redcross.org/take-a-class/cpr,"Red Cross CPR and First Aid classes serving the Sacramento capital region"
120,WIOA / American Job Centers,Government Program,"OSHA|EPA 608|Welding|HVAC|Electrical|Plumbing|CDL|Multiple Trade Certs",Multiple,US,Multiple,Varies,0,7395,Varies,WIOA,https://www.careeronestop.org/LocalHelp/,"Federal workforce funding covering tuition; exam fees; books; transportation; and supportive services for eligible adults"
121,CareerSource South Florida,Government Program,"Trade Certification Training Vouchers (ITA)|Career Counseling",Multiple,FL,Miami,Varies,0,5000,Varies,WIOA,https://careersourcesfl.com,"WIOA-funded Individual Training Accounts for approved trade certification programs in Miami-Dade and Monroe"
122,CareerSource Broward,Government Program,"Trade Certification Training Vouchers (ITA)|Career Counseling",Multiple,FL,Fort Lauderdale,Varies,0,5000,Varies,WIOA,https://careersourcebroward.com,"WIOA-funded training vouchers for Broward County residents pursuing trade certifications"
123,CareerSource Central Florida,Government Program,"Trade Certification Training Vouchers (ITA)|Career Counseling",Multiple,FL,Orlando,Varies,0,5000,Varies,WIOA,https://careersourcecentralflorida.com,"Training vouchers for Orange; Osceola; Seminole; Lake; and Sumter County residents"
124,CareerSource Northeast Florida,Government Program,"Trade Certification Training Vouchers (ITA)|OSHA Training",Multiple,FL,Jacksonville,Varies,0,5000,Varies,WIOA,https://careersourcenortheastflorida.com,"WIOA-funded programs for Duval; Clay; Nassau; Baker; Putnam; and St. Johns County residents"
125,CareerSource Tampa Bay,Government Program,"Trade Certification Training Vouchers (ITA)|Career Counseling",Multiple,FL,Tampa,Varies,0,5000,Varies,WIOA,https://careersourcetampabay.com,"WIOA-funded training vouchers for Hillsborough County residents pursuing trade certifications"
126,CareerSource Pinellas,Government Program,"Trade Certification Training Vouchers (ITA)|Career Counseling",Multiple,FL,St. Petersburg,Varies,0,5000,Varies,WIOA,https://careersourcepinellas.com,"WIOA-funded training vouchers for Pinellas County residents pursuing trade certifications"
127,California ETP (Employment Training Panel),Government Program,"Apprenticeship Training|EVITP|Trade Certifications",Multiple,CA,Multiple,Varies,0,5000,Varies,Employer Paid,https://etp.ca.gov,"$25M annually for apprenticeship programs; priority for women; veterans; and justice-involved individuals"
128,VA GI Bill (Post-9/11 Chapter 33),Government Program,"Welding|HVAC|Electrical|Plumbing|Construction|Heavy Equipment|NCCCO|OSHA|EPA 608|NICET",Multiple,US,Multiple,Varies,0,7395,Varies,GI Bill,https://www.va.gov/education/gi-bill-comparison-tool/,"Covers tuition; housing allowance; and $1000/year books stipend at VA-approved trade schools"
129,VA Certification Reimbursement,Government Program,"CompTIA|NCCCO|OSHA|EPA 608|NICET|State Contractor Exams",Multiple,US,Multiple,Varies,0,500,Varies,GI Bill,https://www.va.gov/education/about-gi-bill-benefits/how-to-use-benefits/non-college-degree-programs/,"VA reimburses approved licensing and certification test fees at no out-of-pocket cost for veterans"
130,Federal Pell Grant Program,Government Program,"Trade School Tuition (Welding|HVAC|Electrical|Plumbing|Construction|CDL)",Multiple,US,Multiple,Varies,0,7395,Varies,Yes,https://studentaid.gov,"Up to ~$7395/year for Title IV eligible programs; Workforce Pell expansion effective July 2026"
131,IBEW (Local JATC Training Centers),Union Training Center,"Electrical Apprenticeship|OSHA 10/30|NFPA 70E|First Aid/CPR|Forklift|Aerial Lift|Confined Space",Electrical,US,Multiple,In-Person,0,0,5 years,Employer Paid,https://ibew.org,"Free training for union members funded by NECA employer contributions; 5-year electrical apprenticeship"
132,United Association (UA) Plumbers & Pipefitters,Union Training Center,"Plumbing Apprenticeship|Welding Certs|Backflow Prevention|Medical Gas|OSHA|CPR/First Aid",Plumbing,US,Multiple,In-Person,0,0,5 years,Employer Paid,https://ua.org,"Free 5-year plumbing/pipefitting apprenticeship with welding; backflow; and safety certifications"
133,United Brotherhood of Carpenters (UBC),Union Training Center,"Carpentry Apprenticeship|OSHA 10/30|Scaffold Competent Person|Fall Protection|Rigging",Carpentry,US,Multiple,In-Person,0,0,4 years,Employer Paid,https://www.carpenters.org,"Free 4-year carpentry apprenticeship including OSHA; scaffold; and fall protection certifications"
134,IUOE (Operating Engineers),Union Training Center,"Heavy Equipment Operation|NCCCO Crane Operator|OSHA|Equipment-Specific Certs",Crane Operation,US,Multiple,In-Person,0,0,3-4 years,Employer Paid,https://www.iuoe.org,"Free heavy equipment and crane operator training for union members at IUOE training centers"
135,SMWIA (Sheet Metal Workers),Union Training Center,"Sheet Metal Apprenticeship|OSHA|NATE|EPA 608|Specialized Sheet Metal Certs",HVAC,US,Multiple,In-Person,0,0,4-5 years,Employer Paid,https://www.smwia.org,"Free sheet metal apprenticeship with NATE; EPA 608; and OSHA certifications for union members"
136,Union Plus Scholarships (AFL-CIO),Government Program,Trade School Tuition|Certificate Programs,Multiple,US,Multiple,Varies,500,4000,Varies,Yes,https://www.unionplus.org/benefits/education/union-plus-scholarships,"$500-$4000 scholarships for union members and families; 193 recipients in 2025 totaling $250K awarded"
137,AGC Education Foundation,Government Program,Pre-Apprenticeship|Apprenticeship|Construction Programs,Multiple,US,Multiple,Varies,500,2500,Varies,Yes,https://www.constructionfoundation.org,"$500-$2500 Skilled Trades Scholarships for students in post-secondary construction training programs"
138,Carrier University,Employer Program,"Carrier Equipment Installation|Service|Maintenance Training",HVAC,US,Online,Hybrid,0,0,Varies,Free,https://www.carrier.com,"Free brand-specific installation and service training sponsored by Carrier Corporation for dealers"
139,Trane ComfortSite (NC3),Employer Program,"Trane Equipment Training|Technician Onboarding|NC3 Certifications",HVAC,US,Online,Hybrid,0,0,Varies,Free,https://www.trane.com,"Free technician training through NC3 partnership; formalized certifications for Trane dealer networks"
140,Lennox Learning Solutions,Employer Program,"Lennox Equipment Training|NATE Certification Support|HVAC CE",HVAC,US,Online,Hybrid,0,0,Varies,Free,https://lennoxpros.com,"Free or subsidized HVAC training with NATE certification preparation support for Lennox dealers"
141,AGC Edge,Training School,"Supervisory Training Program|Project Manager Development|Construction Supervision|Blueprint Reading|Flagger|Lean Construction|BIM",Multiple,US,Online,Online,100,500,Varies,No,https://www.agc.org,"AGC professional development courses available online via Zoom with live instruction and CEU credits"
142,CDI Safety Services,Training School,NCCER Accredited Training and Certification,Multiple,CA,Multiple,In-Person,500,2000,Varies,No,https://www.cdisafetyservices.com/nccer,"NCCER accredited training and certification programs in California"
143,Kern Community College District,Community College,"EV Charger Training|EVITP Cert Prep|OSHA|Safety Programs",Electrical,CA,Bakersfield,In-Person,2000,5000,Varies,Yes,https://www.kccd.edu,"EV charger training and EVITP certification prep with OSHA and safety programs in the Central Valley"
144,SW Florida AC Contractors Association,Training School,EPA 608 Certification Exam Events,HVAC,FL,Estero,In-Person,50,200,1 day,No,https://sw-acca.org,"Periodic EPA 608 certification exam events in the Fort Myers/Estero area"
145,South East Florida Apartment Association,Training School,EPA 608 Certification Events|Safety Training,HVAC,FL,Multiple,In-Person,50,200,1 day,No,https://www.sefaa.org,"Periodic EPA 608 certification and safety training events in Southeast Florida"
146,Everblue Training,Online Platform,HERS Rater Certification|BPI Certification,Multiple,US,Online,Online,500,2000,Varies,No,https://everbluetraining.com,"National online provider for HERS rater and BPI building performance certification training"
147,Aurora Solar,Training School,"NABCEP Recertification|Solar Design Training",Solar,CA,San Francisco,Online,100,500,Varies,No,https://aurorasolar.com,"NABCEP recertification and solar design training courses based in San Francisco"
148,Top Trade School,Exam Prep,"Electrical Practice Tests|Plumbing Practice Tests|HVAC Practice Tests|Mechanic Practice Tests",Multiple,US,Online,Online,0,50,Varies,Free,https://toptrade.school/practice-tests,"Free and premium practice tests for electrical; plumbing; HVAC; and mechanic certification exams"
149,Skilled Trades Exam App,Exam Prep,"Master Plumber Practice Tests|Master Electrician Practice Tests",Multiple,US,Online,Online,5,20,Varies,No,https://skilledtradesexam.com,"Mobile app with practice tests for master plumber and master electrician certification exams"
150,Train for the Crane,Exam Prep,NCCCO Crane Operator Practice Tests,Crane Operation,US,Online,Online,30,100,Varies,No,https://trainforthecrane.com,"Online NCCCO crane operator practice tests and exam preparation resources"
151,Charter College,Training School,"EPA 608, OSHA 10, Industrial First Aid CPR",HVAC/R,AK,Anchorage,In-Person,2500,5000,630 hours,Yes,www.chartercollege.edu,Comprehensive HVAC training including EPA 608 certification and safety courses.
152,Alaska Vocational Technical Center,Community College,PAHRA Accredited,HVAC/R,AK,Seward,In-Person,1500,3000,5 months,Yes,avtc.uaa.alaska.edu,PAHRA-accredited HVAC/R program; runs annually January to May.
153,University of Alaska Anchorage,Community College,"EPA 608, Refrigeration Technology",HVAC/R,AK,Anchorage,Online,3000,6000,1-2 years,Yes,www.uaa.alaska.edu,Occupational Endorsement Certificate in Refrigeration and Heating for residential and commercial systems.
154,Jefferson State Community College,Community College,"EPA 608, OSHA",HVAC,AL,Birmingham,In-Person,2500,5000,Certificate/AAS,Yes,www.jeffersonstate.edu,HVAC through Industrial Training Academy with EPA 608 certification and OSHA regulations.
155,Coastal Alabama Community College,Community College,OSHA 10,General Safety,AL,Coastal areas,In-Person,50,100,2 days,Yes,www.coastalalabama.edu,"Offers OSHA 10 in multiple specializations (Construction, Healthcare, etc.)."
156,Fortis Institute Birmingham,Training School,"Welding, HVAC",Multiple,AL,Birmingham,In-Person,8000,15000,6-12 months,Yes,www.fortis.edu,Specialized training in welding and HVAC with hands-on instruction.
157,Tradez Institute,Online Platform,"EPA 608, OSHA 10, NATE",HVAC,AZ,Online,Online,1999,1999,4-6 weeks,Yes,www.tradezinstitute.com,"HVAC Career Accelerator with EPA, OSHA, and NATE certifications combined."
158,DeHart Technical School,Training School,"EPA 608, A2L Certification",HVAC/Refrigeration,AZ,Phoenix,In-Person/Hybrid,2500,5000,4-8 weeks,Yes,deharttech.edu,Section 608 and A2L EPA certification programs for HVAC technicians.
159,SkillCat,Online Platform,EPA 608,HVAC,AZ,Online,Online,10,10,Self-paced,No,www.skillcatapp.com,Low-cost online EPA 608 certification prep course.
160,Arkansas Welding Academy,Training School,AWS Certified Welder,Welding,AR,Little Rock,In-Person,3500,7000,8-12 weeks,Yes,www.arkansasweldingacademy.edu,Only federally accredited welding school in Arkansas; comprehensive pipe and structural welding.
161,Northwest Arkansas Community College,Community College,"EPA 608, Electrical Apprenticeship",HVAC/Electrical,AR,Bentonville,In-Person,2500,5000,2 years,Yes,www.nwacc.edu,Skilled trades programs including HVAC and electrical with EPA and apprenticeship pathways.
162,Arkansas Tech University,Community College,EPA 608,HVAC/R,AR,Russellville,In-Person,3000,6000,2 years AAS or 1 year cert,Yes,www.atu.edu,Air conditioning and refrigeration certificate and degree programs.
163,Front Range Community College,Community College,"PAHRA Accredited, EPA 608",HVAC,CO,Larimer,In-Person,2500,5000,2 years AAS,Yes,www.frontrange.edu,State's only PAHRA accredited HVAC program with multiple certificate options.
164,Pikes Peak Community College,Community College,HVAC Excellence Accredited,HVAC,CO,Colorado Springs,In-Person,2500,5000,1-2 years,Yes,www.ppcc.edu,Only HVAC Excellence-accredited program in Colorado.
165,Local 58 Pipefitters,Union Training,"Welding, Pipefitting",Multiple Trades,CO,Denver,In-Person,0,0,Varies,Yes,www.local58.org,Union apprenticeship programs combining classroom and on-the-job training.
166,Lincoln Technical Institute,Training School,EPA 608,HVAC/R,CT,East Windsor,In-Person,6500,12000,6-12 months,Yes,www.lincolntech.edu,"Diploma program in air conditioning, refrigeration, and heating with EPA certification prep."
167,CT State Naugatuck Valley,Community College,Welding Certificates,Welding,CT,Waterbury,In-Person,2000,4000,6 months,Yes,ctstate.edu,Welding courses and certificates at competitive tuition rates.
168,Asnuntuck Community College,Community College,Advanced Manufacturing Welding,Welding,CT,Enfield,In-Person,2500,5000,2 years AAS,Yes,asnuntuck.edu,Advanced Manufacturing Welding Technology with associate degree.
169,Delaware Skills Center,Training School,"EPA 608, OSHA 10, R410A",HVAC,DE,Wilmington,In-Person,2500,5000,12 weeks,Yes,www.deskillscenter.org,12-week HVAC Energy Technician course with multiple industry certifications.
170,New Castle County Vocational Technical,Community College,"EPA 608, OSHA",HVAC/Plumbing/Electrical,DE,New Castle,In-Person,2500,5000,Certificate/AAS,Yes,www.dtcc.edu,"Construction Technologies pathway with HVAC, plumbing, and electrical programs."
171,Delaware County Community College,Community College,OSHA 30,Construction Safety,DE,Newark,In-Person,2000,4000,3 days,Yes,www.dccc.edu,"Carpentry, Electrical, and HVAC continuing education courses."
172,Tulsa Welding School Atlanta,Training School,"Welding, HVAC/R, Electrical",Multiple Trades,GA,Decatur,In-Person,8000,15000,7 months,Yes,www.tws.edu,"Hands-on training in welding, HVAC, and electrical trades."
173,Georgia Trade School,Training School,Welding Certifications,Welding,GA,Kennesaw,In-Person,4000,7000,16 weeks full-time,Yes,www.georgiatradeschool.com,Boutique welding school offering fast-track programs.
174,Chattahoochee Technical College,Community College,Welding and Joining,Welding,GA,Marietta,In-Person,2500,5000,2 years AAS,Yes,www.chattahoocheetech.edu,Welding and Joining Technology program at technical college.
175,Honolulu Community College,Community College,"EPA 608, NATE Ready to Work",HVAC/R,HI,Honolulu,In-Person,3000,6000,2 years AAS,Yes,honolulu.hawaii.edu,HVAC Excellence and NATE-certified programs.
176,Kauai Community College,Community College,"EPA 608, NATE, HVAC Excellence",HVAC/R,HI,Kauai,Online,3000,6000,1 year,Yes,kauai.hawaii.edu,100% online HVAC/R technician training with multiple certifications.
177,UHMC HO'ALA,Continuing Education,"EPA 608, Electrical Technology",HVAC/Electrical,HI,Honolulu,In-Person,1000,3000,Varies,Yes,hawaii.edu,"Continuing education in HVAC, refrigeration, and electrical technology."
178,College of Western Idaho,Community College,AWS Certified Welder,Welding,ID,Boise,In-Person,2500,5000,1-2 years,Yes,cwi.edu,Welding and Metals Fabrication with AWS certification preparation.
179,Idaho State University,Community College,"EPA 608, AWS",HVAC/Welding,ID,Pocatello,In-Person,3000,6000,2 years AAS,Yes,www.isu.edu,HVAC and welding programs with certification pathways.
180,College of Eastern Idaho,Training School,"Electrical, HVAC, Plumbing Apprenticeships",Multiple Trades,ID,Idaho Falls,In-Person,0,0,Apprenticeship varies,Yes,ceiworkforce.org,Apprenticeship programs in construction trades.
181,ETI School of Skilled Trades,Training School,"Welding, HVAC/R",Multiple Trades,IL,Chicago,In-Person,7000,14000,6-12 months,Yes,eticampus.edu,Premier welding and HVAC/R training since 1973.
182,Coyne,Training School,"Welding, HVAC, Electrical",Multiple Trades,IL,Chicago,In-Person,8000,15000,6-12 months,Yes,www.coyne.edu,Over 120 years of skilled trades training in Chicago.
183,Midwest Technical Institute,Training School,"Welding, HVAC, Electrical, Plumbing",Multiple Trades,IL,Springfield,In-Person,7000,14000,6-12 months,Yes,mti.edu,Intensive hands-on programs in multiple skilled trades.
184,Hoosier Trade School,Training School,"OSHA 10, EPA 608, Industry Certifications",HVAC/Electrical,IN,Indianapolis,In-Person,3500,7000,4 months,Yes,www.hoosiertradeschool.com,Fast-track certification programs with OSHA and EPA 608.
185,Ivy Tech Community College,Community College,"Industrial Technology, Apprenticeships",Multiple Trades,IN,Indianapolis,In-Person,2500,5000,1-2 years,Yes,www.ivytech.edu,Statewide community college system with extensive trade programs.
186,Building Institute of Louisville,Training School,"HVAC, Electrical, Plumbing, Carpentry",Multiple Trades,IN,Louisville,In-Person,5000,10000,Evening/hybrid,Yes,buildinginstitute.com,Evening and hybrid apprenticeship-model programs.
187,EICC (Eastern Iowa Community College),Community College,"EPA 608, OSHA 10, HVAC Excellence",HVAC/R,IA,Davenport,In-Person,2500,5000,39-credit diploma,Yes,eicc.edu,Only HVAC program in Iowa with HVAC Excellence accreditation.
188,Iowa Western Community College,Community College,AWS Certified Welder,Welding,IA,Council Bluffs,In-Person,2500,5000,1-2 years,Yes,www.iwcc.edu,Welding with AWS certification opportunities.
189,Northeast Iowa Community College,Community College,Trades and Industry,Multiple Trades,IA,Calmar,In-Person,2500,5000,1-2 years,Yes,www.nicc.edu,OSHA training and trades programs.
190,Washburn Tech,Community College,"Welding Technology, AWS",Welding,KS,Topeka,In-Person,2500,5000,1-2 years,Yes,www.washburntech.edu,Welding courses with AWS certification and advanced training.
191,Kansas City Kansas Community College,Community College,"Welding, HVAC/R",Multiple Trades,KS,Kansas City,In-Person,2500,5000,Certificate to AAS,Yes,kckcc.edu,Online welder technician and other trade programs.
192,KCKCC Technical Education Center,Training Center,"HVAC, Electrical, Welding",Multiple Trades,KS,Kansas City,In-Person,2500,5000,1-2 years,Yes,www.kansasworks.com,Multiple skilled trades with flexible scheduling.
193,Kentucky Welding Institute,Training School,"Pipe, Structural, Fabricator Welder Certifications",Welding,KY,Louisville,In-Person,4000,8000,12-16 weeks,Yes,www.kyweld.com,Intensive welding certifications for pipe and structural work.
194,ABC Indiana/Kentucky,Training Organization,"NCCER Electrical, HVAC, Plumbing, Carpentry",Multiple Trades,KY,Louisville,In-Person,0,0,4-5 year apprenticeship,Yes,abcindy.org,"NCCER-accredited apprenticeships with 8,000 hours on-the-job training."
195,TradeTech,Online Platform,"HVAC, Plumbing, Electrical CEU",Multiple Trades,KY,Online,Online,50,200,Varies,No,tradetechky.com,Online continuing education for licensed professionals.
196,Baton Rouge Community College,Community College,"HVAC/R, Electrical, Welding",Multiple Trades,LA,Baton Rouge,In-Person,2500,5000,1-2 years,Yes,www.mybrcc.edu,"Aviation maintenance, construction, and skilled trades programs."
197,FORTIS College Baton Rouge,Training School,"Healthcare, HVAC, Welding, CDL",Multiple Trades,LA,Baton Rouge,In-Person,6000,12000,6-12 months,Yes,www.fortis.edu,Small class sizes with healthcare and trade options.
198,ITI Technical College,Training School,"HVAC/R, Electrical, Plumbing",Multiple Trades,LA,Baton Rouge,In-Person,8000,15000,1-2 years,Yes,www.iticollege.edu,Technical and industrial programs with multiple certifications.
199,Technology Learning Center (TLC),Training School,"HVAC, Welding, Electronics",Multiple Trades,MA,Oxford,In-Person,6000,12000,6-12 months,Yes,tlctech.edu,"Accredited programs in HVAC, welding, and electronics."
200,Benjamin Franklin Institute of Technology,Training School,"HVAC, Electrical, Automotive",Multiple Trades,MA,Boston,In-Person,8000,15000,2 years,Yes,www.bfit.edu,"Highly regarded for HVAC, electrical, and automotive programs."
201,Keefe at Night,Community College,"Plumbing, HVAC, Electrical",Multiple Trades,MA,Boston,In-Person,0,0,200 hours per course,Yes,keefeatnight.org,Tuition-free grant programs in building trades.
202,Center for Trades and Energy Training,Training Center,"Welding, Electrical, HVAC",Multiple Trades,MD,Hughesville,In-Person,5000,10000,1-2 years,Yes,www.csmd.edu,"Fully equipped labs for welding, electrical, and HVAC trades."
203,Cecil College,Community College,"Welding, Electrical, HVAC/R",Multiple Trades,MD,North East,In-Person,2500,5000,1-2 years,Yes,www.cecil.edu,Hands-on workforce training in skilled trades.
204,Lincoln College of Technology,Training School,"HVAC, Electrical, Welding",Multiple Trades,MD,Columbia,In-Person,6000,12000,6-12 months,Yes,www.lincolntech.edu,"Automotive, HVAC, electrical, and welding technician training."
205,MTEC (Maine Technical Education Center),Training School,"EPA 608, AWS Certified Welder",HVAC/Welding,ME,Auburn,In-Person,5000,10000,6-12 months,Yes,www.mtecenter.com,Comprehensive HVAC-R training with 95% job placement rate.
206,Southern Maine Community College,Community College,Welding Courses,Welding,ME,South Portland,In-Person,2500,5000,1-2 years,Yes,www.smccme.edu,Introduction and mechanical welding courses.
207,Washington County Community College,Community College,"AWS Certified Welder, State Pipe Cert",Welding,ME,Calais,In-Person,2500,5000,1-2 years,Yes,wccc.me.edu,Welding with AWS and Maine state pipe certifications.
208,Northwestern Michigan College,Community College,"Carpentry, Electrical, HVAC, Plumbing, Welding",Multiple Trades,MI,Traverse City,In-Person,2500,5000,1-2 years,Yes,www.nmc.edu,Degrees and certificates in multiple construction trades.
209,Dorsey College,Training School,"HVAC Systems Technician, Electrical",Multiple Trades,MI,Dearborn,In-Person,8000,15000,12 months,Yes,www.dorsey.edu,One-year diploma programs in HVAC and electrical.
210,SEMCA,Training Center,"Electrical, Carpentry, HVAC/R, Welding",Multiple Trades,MI,Sterling Heights,In-Person,3000,6000,Earn-while-you-learn,Yes,www.semcaschool.org,Earn-while-you-learn model with night classes.
211,Anoka Technical College,Community College,70+ career programs,Multiple Trades,MN,Anoka,In-Person,2500,5000,1-2 years,Yes,www.anokatech.edu,Two-year technical college with extensive trade offerings.
212,Hennepin Technical College,Community College,HVAC Excellence Accredited,HVAC,MN,Eden Prairie,In-Person,2500,5000,1-2 years,Yes,www.hennepintech.edu,HVAC Excellence and HLC accredited programs.
213,Various UA Local Chapters,Union Training,"Plumbing, HVAC, Welding Apprenticeships",Multiple Trades,MN,Minneapolis,In-Person,0,0,4-5 years,Yes,ua.org,"Union apprenticeships in plumbing, pipefitting, HVAC, and welding."
214,Delta Technical College,Training School,"HVAC Excellence Accredited, Welding",HVAC/Welding,MS,Horn Lake,In-Person,5000,10000,<1 year for certs,Yes,www.deltatechnicalcollege.com,Only HVAC Excellence program in MS; welding in less than a year.
215,Northwest Mississippi Community College,Community College,"EPA 608, HVAC AAS/Certificate",HVAC/R,MS,Senatobia,In-Person,2500,5000,1-2 years,Yes,www.nwmcc.edu,Associate degree or vocational certificate in HVAC/R.
216,UA Local 568,Union Training,"HVAC/R, Welding, Plumbing Apprenticeships",Multiple Trades,MS,Gulfport,In-Person,0,0,4-5 years,Yes,ua.org,United Association apprenticeships for HVAC/R service technicians.
217,American Trade School,Training School,"HVAC/R, EPA 608, OSHA",HVAC,MO,St. Louis,Hybrid,4000,8000,8 months,Yes,www.americantradeschool.edu,Hybrid program combining classroom and online instruction.
218,Metropolitan Community College,Community College,"HVAC, Refrigeration, Welding",Multiple Trades,MO,Kansas City,In-Person,2500,5000,Certificate to AAS,Yes,mcckc.edu,Multiple credential options from certificate to associate degree.
219,Great Plains OSHA Education Center,OSHA Training Center,OSHA 10/30,Safety,MO,Independence,In-Person,100,300,1-3 days,Yes,greatplainsosha.org,OSHA training at MCC-Blue River campus.
220,Montana Tech,Community College,Welding Technology,Welding,MT,Butte,In-Person,2500,5000,1-2 years AAS,Yes,www.mtech.edu,Accredited welding program with certificate and degree options.
221,Flathead Valley Community College,Community College,HVAC/R Maintenance Technology,HVAC,MT,Kalispell,In-Person,2500,5000,1-2 years,Yes,www.fvcc.edu,HVAC Fundamentals and electrical training.
222,University of Montana,Community College,Welding Technology,Welding,MT,Missoula,In-Person,2500,5000,1-2 years,Yes,www.umt.edu,One-year certificate or two-year associate degree in welding.
223,Cape Fear Community College,Community College,"Electrician, Plumbing Technology",Multiple Trades,NC,Wilmington,In-Person,2748,2748,1-2 years,Yes,www.cfcc.edu,Residential and commercial electrical training with licensing prep.
224,Greenville Technical College,Community College,HVAC Excellence Accredited,HVAC/Welding,NC,Greenville,In-Person,2500,5000,1-2 years,Yes,www.gvltec.edu,HVAC Excellence accreditation with multiple program options.
225,MB HAYNES,Training Organization,"Electrical, HVAC, Plumbing, Pipefitting/Pipewelding",Multiple Trades,NC,Raleigh,In-Person,0,0,4-5 year apprenticeship,Yes,www.mbhaynes.com,Registered NC apprenticeships in multiple trades.
226,University of North Dakota,Online Platform,"EPA 608, HVAC Excellence, NATE",HVAC/R,ND,Online,Online,2000,4000,<1 year,Yes,und.edu,100% online HVAC/R technician training.
227,NDSU Continued Learning,Online Platform,"EPA 608, Online HVAC/R",HVAC/R,ND,Online,Online,2000,4000,12 months or less,Yes,www.ndsu.edu,"Self-paced, 100% online HVAC/R technician course."
228,North Dakota State College of Science,Community College,HVAC/R Certificate/AAS,HVAC/R,ND,Wahpeton,In-Person,2500,5000,1-2 years,Yes,www.ndscs.edu,HVAC/R programs at multiple campuses.
229,Metropolitan Community College,Community College,"HVAC, Welding, Plumbing, Electrical",Multiple Trades,NE,Omaha,In-Person,2500,5000,1-2 years,Yes,www.mccneb.edu,31.5-credit certificate or 2-year AAS degree.
230,Northeast Community College,Community College,"HVAC, Welding, Electrical, Plumbing",Multiple Trades,NE,Norfolk,In-Person,2500,5000,1-2 years,Yes,www.northeast.edu,Trades programs at multiple Nebraska locations.
231,Western Nebraska Community College,Community College,Multiple Trades,Multiple Trades,NE,Sidney,In-Person,2500,5000,1-2 years,Yes,www.wncc.edu,Community college trade programs statewide.
232,New Hampshire School of Mechanical Trades,Training School,"HVAC, Plumbing, Electrical",Multiple Trades,NH,Manchester,In-Person,6000,12000,6-12 months,Yes,www.nhtradeschool.com,Hands-on training with licensing requirement courses.
233,Advanced Trade School,Training School,"HVAC, Plumbing, Welding",Multiple Trades,NH,Concord,In-Person,6000,12000,6-12 months,Yes,www.advancedtradeschool.com,"Comprehensive HVAC, plumbing, and welding training."
234,Great Bay Community College,Community College,"Welding Technologies, AWS Cert",Welding,NH,Portsmouth,In-Person,2500,5000,1-2 years,Yes,www.greatbay.edu,AWS certification preparation through community college.
235,Camden County College,Community College,"HVAC, Welding, Electrical, Plumbing",Multiple Trades,NJ,Camden,In-Person,2500,5000,<1 year to 2 years,Yes,www.camdencc.edu,Practical training in multiple high-demand trades.
236,HoHoKus School of Trades,Training School,"Electrical, Plumbing, Welding",Multiple Trades,NJ,HoHoKus,In-Person,6000,12000,6 months to 2 years,Yes,www.hohokus.edu,Electrical and plumbing apprenticeships and welding.
237,Pennco Tech,Training School,"HVAC&R, Welding",Multiple Trades,NJ,Blackwood,In-Person,7000,14000,6-12 months,Yes,www.penncotech.edu,Hands-on welding and HVAC&R training programs.
238,Northern New Mexico College,Community College,"HVAC, Welding, Electrical, Carpentry",Multiple Trades,NM,Espanola,In-Person,2500,5000,1-2 years,Yes,nnmc.edu,"Technical Trades with HVAC, welding, and electrical."
239,Central New Mexico College,Community College,"Carpentry, Electrical, HVAC, Plumbing, Welding",Multiple Trades,NM,Albuquerque,In-Person,2500,5000,1-2 years,Yes,www.cnm.edu,"61,000 sq ft facility with multiple construction trade labs."
240,SENMC,Community College,"Vocational, Energy, Manufacturing",Multiple Trades,NM,Hobbs,In-Person,2500,5000,1-2 years,Yes,www.senmc.edu,Manufacturing and vocational programs.
241,Truckee Meadows Community College,Community College,"HVAC, Welding, Refrigeration",Multiple Trades,NV,Reno,In-Person,2500,5000,1-2 years,Yes,www.tmcc.edu,"Hands-on AC and refrigeration repair, welding programs."
242,Advanced Training Institute (ATI),Training School,"HVAC/R, Electrical, Welding",Multiple Trades,NV,Las Vegas,In-Person,6000,12000,6-12 months,Yes,atitraining.edu,Industry-recognized certifications in technical careers.
243,College of Southern Nevada,Community College,HVAC Maintenance Technology,HVAC,NV,Las Vegas,In-Person,4110,4110,1-2 years,Yes,csn.edu,HVAC with diagnostic techniques and electronics instruction.
244,Apex Technical School,Training School,"Electrical, HVAC, Plumbing, Welding, Automotive",Multiple Trades,NY,Long Island City,In-Person,8000,15000,6-12 months,Yes,apexschool.com,60+ years experience with hands-on skilled trades training.
245,Lincoln Tech,Training School,"HVAC, Electrical, Automotive",Multiple Trades,NY,Syracuse,In-Person,7000,14000,6-12 months,Yes,www.lincolntech.edu,HVAC and electrical with current tools and equipment.
246,New York Career & Business School,Training School,"Electrical, Plumbing, Solar, OSHA",Multiple Trades,NY,New York City,In-Person,6000,12000,6-12 months,Yes,www.nycareerschool.com,"Electrical, plumbing, solar, and OSHA training."
247,Columbus State Community College,Community College,"Welding Associate Degree, Carpentry, Electrical, Plumbing",Multiple Trades,OH,Columbus,In-Person,2500,5000,45 weeks to 2 years,Yes,www.cscc.edu,"Welding certified in 45 weeks; also facilities, carpentry, and trades."
248,Hobart Institute of Welding Technology,Training School,"Pipe Welding, Blueprint Reading, Welder Certs",Welding,OH,Troy,In-Person,8000,15000,6-12 months,Yes,www.hobartinstitute.com,Accredited pipe welding and advanced certifications.
249,Stark State College,Community College,Welding Certificate/AAS,Welding,OH,North Canton,In-Person,2500,5000,1-2 years,Yes,www.starkstate.edu,Mainstream welding with AWS certification prep.
250,Tulsa Welding School,Training School,"Welding, HVAC/R, Electrical",Multiple Trades,OK,Tulsa,In-Person,8000,15000,6-7 months,Yes,www.tws.edu,National trade school with multiple Oklahoma locations.
251,Francis Tuttle,Community College,"Flex Trades HVAC, Electrician",Multiple Trades,OK,Oklahoma City,In-Person,2500,5000,6-12 months,Yes,www.francistuttle.edu,HVAC and electrical classes meeting CIB requirements.
252,Moore Norman Technology Center,Community College,"Construction, Manufacturing, Welding, HVAC",Multiple Trades,OK,Moore,In-Person,1500,3000,Weeks to months,Yes,www.mntc.edu,Affordable construction-related classes.
253,Portland Community College,Community College,"Welding, HVAC, Electrical",Multiple Trades,OR,Portland,In-Person,3000,7000,6-12 months cert,Yes,www.pcc.edu,Extensive technical and skilled-trade programs.
254,Lane Community College,Community College,Fabrication and Welding,Welding,OR,Eugene,In-Person,2500,5000,1-2 years,Yes,www.lanecc.edu,"15,000 sq ft welding facility with advanced instruction."
255,Linn-Benton Community College,Community College,"Welding, HVAC, Electrical",Multiple Trades,OR,Lebanon,In-Person,2500,5000,6-12 months cert,Yes,www.linnbenton.edu,Community college trade certification programs.
256,Pennco Tech,Training School,"Welding, HVAC&R",Multiple Trades,PA,Bristol,In-Person,7000,14000,6-12 months,Yes,www.penncotech.edu,Hands-on welding and HVAC&R training programs.
257,Penn Commercial,Training School,HVAC-R Technical Training,HVAC,PA,Washington,In-Person,6000,12000,12 months,Yes,penncommercial.edu,HVAC-R program with EPA 608 preparation.
258,Pennsylvania College of Technology,Community College,"Plumbing, HVAC, Electrical",Multiple Trades,PA,Williamsport,In-Person,3000,6000,2 years,Yes,www.pct.edu,Technical college with multiple construction trades.
259,Lincoln Tech Lincoln,Training School,"HVAC, Electrical",Multiple Trades,RI,Lincoln,In-Person,7000,14000,6-12 months,Yes,www.lincolntech.edu,"Career training near Providence, Pawtucket, Warwick."
260,Rhode Island Makers Training Program,Training Organization,Welding (Free),Welding,RI,Providence,In-Person,0,0,5 weeks + 100+ hours,Yes,dlt.ri.gov,Free 5-week welding program for RI unemployed/underemployed.
261,Rhode Island Construction Training Academy,Training Center,Construction/Building Trades,Multiple Trades,RI,Providence,In-Person,2000,4000,1-2 years,Yes,www.ricta.org,Construction trade certifications and training.
262,Greenville Technical College,Community College,"HVAC Excellence, Welding, Plumbing",Multiple Trades,SC,Greenville,In-Person,2500,5000,1-2 years,Yes,www.gvltec.edu,HVAC Excellence accredited with multiple trade options.
263,Spartanburg Community College,Community College,"Welding (SMAW, GTAW, GMAW, Oxy-Fuel)",Welding,SC,Spartanburg,In-Person,2500,5000,1-2 years,Yes,www.sccsc.edu,Welding certificate or degree program.
264,South Carolina School of Welding,Training School,Welding,Welding,SC,Charleston,In-Person,4000,8000,<24 weeks,Yes,www.southcarolinaschoolofwelding.com,Vocational welding training in less than 24 weeks.
265,Southeast Technical College,Community College,"Welding (AWS ATF), HVAC, Industrial Tech",Multiple Trades,SD,Sioux Falls,In-Person,2500,5000,1-2 years,Yes,www.southeasttech.edu,First AWS Accredited Test Facility in SD; diploma earns 2 AWS certs.
266,Mitchell Technical Institute,Community College,"Electrical, HVAC, Welding",Multiple Trades,SD,Mitchell,In-Person,2500,5000,1-2 years,Yes,www.mitchelltech.edu,Multiple skilled trades programs.
267,Lake Area Technical Institute,Community College,Multiple Trade Programs,Multiple Trades,SD,Watertown,In-Person,2500,5000,1-2 years,Yes,www.lakeareatech.edu,Regional technical college with trade certifications.
268,Volunteer State OSHA Training Center,OSHA Training Center,OSHA Training,Safety,TN,Nashville,In-Person,100,300,1-3 days,Yes,www.volstate.edu,OSHA Education Center affiliated with university.
269,Tennessee College of Applied Technology (TCAT),Community College,Multiple Trade Certifications,Multiple Trades,TN,Nashville,In-Person,2500,5000,6-24 months,Yes,www.tcat.edu,State system with statewide campus locations.
270,United Association Local Union Chapters,Union Training,"Welding, Plumbing, HVAC, Pipefitting",Multiple Trades,TN,Memphis,In-Person,0,0,5 years apprenticeship,Yes,ua.org,Union apprenticeships with on-the-job and classroom training.
271,Tulsa Welding School Dallas,Training School,"Welding, HVAC/R, Electrical",Multiple Trades,TX,Dallas,In-Person,8000,15000,6-7 months,Yes,www.tws.edu,Hands-on training in multiple trades.
272,NTI Training,Training School,"HVAC, Plumbing, Electrical",Multiple Trades,TX,Houston,In-Person,5000,10000,Accelerated programs,Yes,www.ntitraining.com,Accelerated hands-on training in skilled trades.
273,TSTC Waco,Community College,Welding Technology,Welding,TX,Waco,In-Person,2500,5000,2 years AAS,Yes,www.tstc.edu,State technical college with welding programs.
274,Fortis College Salt Lake City,Training School,"HVAC, EPA 608",HVAC,UT,Salt Lake City,In-Person,6000,12000,6-12 months,Yes,www.fortis.edu,HVAC training with third-party EPA 608 certification.
275,Mountainland Technical College,Community College,HVAC Apprenticeship (360 hours),HVAC,UT,Orem,In-Person,2500,5000,360 hours,Yes,www.mountainlandtech.edu,HVAC apprenticeship combining classroom and hands-on learning.
276,Davis Technical College,Community College,"HVAC, EPA 608",HVAC,UT,Kaysville,In-Person,2500,5000,1-2 years,Yes,www.davistechcollege.edu,HVAC program preparing for EPA 608 exam.
277,DuCharme HVAC Training,Online Platform,"EPA 608, A2L Safety",HVAC,VT,Online,Online,350,450,Self-paced,No,ducharmetraining.com,Fully online EPA 608 and A2L refrigerant safety training.
278,Burlington Technical Center,Training Center,HVAC/R Technician,HVAC,VT,Burlington,In-Person,2000,4000,Evening classes,Yes,btc-vt.org,Evening and weekend HVAC/R technician training.
279,Vermont Technical College,Community College,"Welding, HVAC",Multiple Trades,VT,Randolph Center,In-Person,3000,6000,1-2 years,Yes,www.vermonttech.edu,Introductory and advanced welding with AWS certification.
280,Virginia Technical Institute,Training School,"Welding, HVAC, Electrical, Carpentry, Plumbing",Multiple Trades,VA,Altavista,In-Person,6000,12000,6-12 months,Yes,www.govti.org,OSHA and NCCER approved courses in multiple trades.
281,Liberty University Technical Studies,Community College,"Welding, HVAC, Electrical, Carpentry, Plumbing, OSHA",Multiple Trades,VA,Lynchburg,In-Person,3000,6000,2 years AAS,Yes,www.liberty.edu,Partnership with Virginia Technical Institute for trade training.
282,Northern Virginia Community College,Community College,"Electrical, HVAC, Plumbing, Carpentry",Multiple Trades,VA,Annandale,In-Person,2500,5000,1-2 years,Yes,www.nvcc.edu,Workforce training in multiple construction trades.
283,Construction Industry Training Council (CITC),Training Center,"Electrical, HVAC, Plumbing, Construction Trades",Multiple Trades,WA,Seattle,In-Person,0,0,Apprenticeship-based,Yes,www.citcwa.org,State-licensed vocational trade school throughout Washington.
284,Bates Technical College,Community College,HVAC AAS (PAHRA accredited),HVAC,WA,Tacoma,In-Person,2500,5000,2 years AAS,Yes,www.bates.ctc.edu,PAHRA-accredited HVAC program in Washington.
285,Seattle Pipe Trades,Union Training,"Plumbing, Pipefitting, Welding Apprenticeships",Multiple Trades,WA,Seattle,In-Person,0,0,4-5 year apprenticeship,Yes,www.seattlepipetrades.org,Union apprenticeships with continuing education.
286,Northeast Wisconsin Technical College,Community College,"HVAC/R Technician, HVAC Installer",HVAC,WI,Green Bay,In-Person,2500,5000,1-2 years,Yes,www.nwtc.edu,Multiple HVAC program options including AAS and certificates.
287,Milwaukee Area Technical College,Community College,Welding Technology,Welding,WI,Milwaukee,In-Person,2500,5000,1-2 years,Yes,www.matc.edu,Welding at multiple Milwaukee area campuses.
288,Madison College,Community College,Welding Technical Diploma,Welding,WI,Madison,In-Person,2500,5000,2 years,Yes,madisoncollege.edu,Welding technical diploma program.
289,James Rumsey Technical Institute,Training School,HVACR,HVAC,WV,Martinsburg,In-Person,7637,7637,9 months full-time,Yes,www.jrti.edu,Full-time HVAC/R program at 30 hours per week.
290,West Virginia Northern Community College,Community College,"Refrigeration, AC, Heating Technology AAS",HVAC/R,WV,Wheeling,In-Person,7000,7000,4 semesters,Yes,www.wvncc.edu,HVAC/R technology associate degree program.
291,BridgeValley Community and Technical College,Community College,"Electrical, Welding, HVAC, Automotive",Multiple Trades,WV,Montgomery,In-Person,2500,5000,1-2 years,Yes,www.bridgevalley.edu,Technical education in multiple trades.
292,Casper College,Community College,"Welding, HVAC, Electrical Apprenticeship",Multiple Trades,WY,Casper,In-Person,2500,5000,1-2 years,Yes,www.caspercollege.edu,Extensive skilled trades including welding and HVAC.
293,Gillette College,Community College,"Welding, Industrial Electricity, Diesel, CNC",Multiple Trades,WY,Gillette,In-Person,2500,5000,1-2 years,Yes,www.gillettecollege.edu,Industrial trades with flexible scheduling.
294,Sheridan College,Community College,"HVAC Apprenticeship, Industrial Trades",Multiple Trades,WY,Sheridan,In-Person,2500,5000,1-2 years,Yes,www.sheridan.edu,HVAC and skilled trades with real-world troubleshooting.
