id,trade,state,metro_area,experience_level,union_status,salary_min,salary_median,salary_max,hourly_rate,prevailing_wage_rate,cert_premium_pct,total_comp,cost_of_living_index,bls_soc_code,description
1,Electrician,US,National,Journeyman,Average,39430,62350,106030,32.18,0,0,0,100,47-2111,BLS OEWS May 2024; 726K employed; 9% projected growth 2024-2034
2,Plumber/Pipefitter,US,National,Journeyman,Average,38000,62970,102000,32.26,0,0,0,100,47-2152,BLS OEWS May 2024; 500K employed; includes steamfitters
3,HVAC Technician,US,National,Journeyman,Average,36060,57300,90780,29.09,0,0,0,100,49-9021,BLS OEWS May 2024; 394K employed; 9% projected growth
4,Welder,US,National,Journeyman,Average,35590,51000,77540,26.19,0,0,0,100,51-4121,BLS OEWS May 2024; 427K employed; -2% projected growth
5,Carpenter,US,National,Journeyman,Average,37920,59310,94080,29.83,0,0,0,100,47-2031,BLS OEWS May 2024; 725K employed; 4% projected growth
6,Ironworker,US,National,Journeyman,Average,38650,62700,100550,32.08,0,0,0,100,47-2221,BLS OEWS May 2024; structural iron and steel workers
7,Roofer,US,National,Journeyman,Average,37060,50970,80780,25.88,0,0,0,100,47-2181,BLS OEWS May 2024; 155K employed; FL hurricane demand strong
8,Concrete Finisher,US,National,Journeyman,Average,35530,53210,84200,26.80,0,0,0,100,47-2051,BLS OEWS May 2024; 170K employed; infrastructure spending driver
9,Heavy Equipment Operator,US,National,Journeyman,Average,39850,58320,99930,29.49,0,0,0,100,47-2073,BLS OEWS May 2024; 450K employed
10,Crane Operator,US,National,Journeyman,Average,42920,68040,98820,33.45,0,0,0,100,53-7021,BLS OEWS May 2024; 43K employed; NCCCO cert effectively mandatory
11,Tree Trimmer/Arborist,US,National,Journeyman,Average,33700,50440,75870,25.40,0,0,0,100,37-3013,BLS OEWS May 2024; 54K employed; ISA cert premium
12,Sheet Metal Worker,US,National,Journeyman,Average,38030,60850,102680,30.62,0,0,0,100,47-2211,BLS OEWS May 2024; 141K employed; HVAC ductwork driver
13,Glazier,US,National,Journeyman,Average,37210,58320,91800,28.94,0,0,0,100,47-2121,BLS OEWS May 2024; 52K employed; hurricane impact glass demand in FL
14,Insulation Worker,US,National,Journeyman,Average,39450,57250,94110,27.52,0,0,0,100,47-2132,BLS OEWS May 2024; mechanical insulation; industrial premium
15,Elevator Installer,US,National,Journeyman,Average,56960,106580,139840,49.24,0,0,0,100,47-4021,Highest-paid trade; 28K employed; IUEC union controlled
16,Fire Sprinkler Fitter,US,National,Journeyman,Average,37700,62300,95000,30.00,0,0,0,100,47-2152,Grouped with pipefitters in BLS; industry salary sources
17,Solar PV Installer,US,National,Journeyman,Average,36820,51860,74400,25.81,0,0,0,100,47-2231,BLS OEWS May 2024; 17K employed; 9% growth; NABCEP premium 20-30%
18,Painter,US,National,Journeyman,Average,33520,48660,76920,24.73,0,0,0,100,47-2141,BLS OEWS May 2024; 270K employed; industrial painting commands premiums
19,Flooring/Tile Setter,US,National,Journeyman,Average,34350,52000,82100,26.10,0,0,0,100,47-2044,BLS OEWS May 2024; terrazzo installers earn highest in category
20,Drywall Installer,US,National,Journeyman,Average,37400,58140,88450,28.55,0,0,0,100,47-2081,BLS OEWS May 2024; 87K employed
21,Brickmason,US,National,Journeyman,Average,36800,56600,90400,28.42,0,0,0,100,47-2021,BLS OEWS May 2024; 60K employed; restoration masonry premium
22,Boilermaker,US,National,Journeyman,Average,46200,73340,108640,35.83,0,0,0,100,47-2011,BLS OEWS May 2024; 15K employed; power plant and refinery demand
23,Millwright,US,National,Journeyman,Average,42300,63510,94760,31.09,0,0,0,100,49-9044,BLS OEWS May 2024; 42K employed; semiconductor fab demand
24,Lineman,US,National,Journeyman,Average,51330,92560,129960,43.91,0,0,0,100,49-9051,BLS OEWS May 2024; 128K employed; second-highest median after elevator
25,Insulation Worker (Floor/Wall),US,National,Journeyman,Average,35950,48680,77160,23.40,0,0,0,100,47-2131,BLS OEWS May 2024; floor/ceiling/wall insulation
26,Electrician,US,National,Apprentice,Average,37400,46200,55000,22.00,0,0,0,100,47-2111,Entry 0-2 years; IBEW apprentice starts at 40% of JW rate
27,Plumber/Pipefitter,US,National,Apprentice,Average,36000,44000,52000,21.00,0,0,0,100,47-2152,Entry 0-2 years; UA apprentice starts at 40-45% of JW rate
28,HVAC Technician,US,National,Apprentice,Average,34000,41000,48000,19.50,0,0,0,100,49-9021,Entry 0-2 years; often start as install helpers
29,Welder,US,National,Apprentice,Average,33000,38500,44000,18.50,0,0,0,100,51-4121,Entry 0-2 years; structural starts lower than pipe welding
30,Carpenter,US,National,Apprentice,Average,36000,43000,50000,20.50,0,0,0,100,47-2031,Entry 0-2 years; UBC apprentice starts at 50% of JW rate
31,Lineman,US,National,Apprentice,Average,42000,51000,60000,24.50,0,0,0,100,49-9051,Entry 0-2 years; groundman/apprentice progression
32,Electrician,US,National,Master,Average,74000,93000,128000,45.00,0,62,128000,100,47-2111,Master license holder; can pull permits and supervise; 62-98% premium over JW hourly
33,Plumber/Pipefitter,US,National,Master,Average,80000,100000,125000,48.00,0,16,0,100,47-2152,Master license holder; can bid projects and pull permits; 16% premium
34,HVAC Technician,US,National,Master,Average,65000,80000,95000,38.50,0,25,0,100,49-9021,Senior HVAC with controls/building automation; NATE cert adds 15-25%
35,Welder,US,National,Master,Average,66000,88000,110000,42.50,0,65,0,100,51-4121,CWI credential; 30-65% premium over non-certified; inspection/QC role
36,Carpenter,US,National,Master,Average,62000,78500,95000,38.00,0,0,0,100,47-2031,Senior carpenter; specialty in trim or cabinetry
37,Lineman,US,National,Master,Average,92000,113500,135000,54.50,0,0,0,100,49-9051,Senior lineman with storm and OT; can exceed $150K in hurricane years
38,Electrician,US,National,Foreman,Average,73000,94000,115000,45.00,0,0,0,100,47-2111,Field leadership; crew management; 15-30% premium over JW
39,Plumber/Pipefitter,US,National,Foreman,Average,73000,94000,115000,45.00,0,0,0,100,47-2152,Field leadership; 15-30% premium over journeyman base
40,Carpenter,US,National,Foreman,Average,73000,94000,115000,45.00,0,0,0,100,47-2031,Field leadership; crew management
41,Electrician,US,National,Superintendent,Average,75000,110000,145000,53.00,0,0,0,100,47-2111,Project-level oversight; 35-70% premium over JW
42,Plumber/Pipefitter,US,National,Superintendent,Average,75000,110000,145000,53.00,0,0,0,100,47-2152,Project-level oversight; 35-70% premium over JW
43,Carpenter,US,National,Superintendent,Average,75000,110000,145000,53.00,0,0,0,100,47-2031,Project-level oversight; multi-project complex builds at senior level
44,Electrician,US,National,Journeyman,Union,49920,70200,106030,38.00,0,0,137240,100,47-2111,Union IBEW JW range $38-$85/hr; total package $60-$140/hr
45,Plumber/Pipefitter,US,National,Journeyman,Union,49920,67200,102000,36.00,0,0,0,100,47-2152,Union UA JW range $36-$72/hr; total package $55-$116/hr
46,Carpenter,US,National,Journeyman,Union,41600,57200,94080,32.00,0,0,0,100,47-2031,Union UBC JW range $32-$62/hr; total package $50-$100/hr
47,Sheet Metal Worker,US,National,Journeyman,Union,44200,62400,102680,34.00,0,0,0,100,47-2211,Union SMART JW range $34-$66/hr; total package $52-$110/hr
48,Ironworker,US,National,Journeyman,Union,44200,62400,100550,34.00,0,0,0,100,47-2221,Union ironworker JW $34-$62/hr; total package $52-$106/hr
49,Boilermaker,US,National,Journeyman,Union,49920,62400,108640,38.00,0,0,0,100,47-2011,Union boilermaker JW $38-$62/hr; total package $58-$105/hr
50,Elevator Installer,US,National,Journeyman,Union,62400,106580,139840,48.00,0,0,0,100,47-4021,IUEC; nearly 100% union; total package $84-$130/hr
51,Lineman,US,National,Journeyman,Union,57200,84000,129960,44.00,0,0,0,100,49-9051,Union IBEW lineman $44-$72/hr; total package $68-$120/hr
52,Electrician,US,National,Journeyman,Non-Union,39430,57200,83200,28.00,0,0,62720,100,47-2111,Non-union JW $25-$40/hr; avg total comp $62720 per benchmarks
53,Plumber/Pipefitter,US,National,Journeyman,Non-Union,39430,55200,79000,28.00,0,0,0,100,47-2152,Non-union JW $24-$38/hr
54,Carpenter,US,National,Journeyman,Non-Union,37920,48000,66000,24.00,0,0,0,100,47-2031,Non-union JW $20-$32/hr
55,Electrician,FL,Statewide,Journeyman,Average,39430,60350,92000,29.01,0,0,0,101,47-2111,FL median 3.2% below national; no state income tax advantage
56,Plumber/Pipefitter,FL,Statewide,Journeyman,Average,36000,56000,82000,26.92,0,0,0,101,47-2152,FL median 11.1% below national
57,HVAC Technician,FL,Statewide,Journeyman,Average,36060,56150,85000,27.00,0,0,0,101,49-9021,FL median 2.0% below national
58,Welder,FL,Statewide,Journeyman,Average,34000,48200,70000,23.17,0,0,0,101,51-4121,FL median 5.5% below national
59,Carpenter,FL,Statewide,Journeyman,Average,36000,53800,78000,25.87,0,0,0,101,47-2031,FL median 9.3% below national
60,Ironworker,FL,Statewide,Journeyman,Average,36000,54600,80000,26.25,0,0,0,101,47-2221,FL median 12.9% below national
61,Roofer,FL,Statewide,Journeyman,Average,33000,45200,68000,21.73,0,0,0,101,47-2181,FL median 11.3% below national; hurricane demand surges
62,Concrete Finisher,FL,Statewide,Journeyman,Average,32000,46800,70000,22.50,0,0,0,101,47-2051,FL median 12.1% below national
63,Heavy Equipment Operator,FL,Statewide,Journeyman,Average,36000,52400,72000,25.19,0,0,0,101,47-2073,FL median 10.2% below national
64,Crane Operator,FL,Statewide,Journeyman,Average,40000,62500,85000,30.05,0,0,0,101,53-7021,FL median 8.1% below national
65,Tree Trimmer/Arborist,FL,Statewide,Journeyman,Average,30000,44600,65000,21.44,0,0,0,101,37-3013,FL median 11.6% below national; post-hurricane surge demand
66,Sheet Metal Worker,FL,Statewide,Journeyman,Average,35000,54200,80000,26.06,0,0,0,101,47-2211,FL median 10.9% below national
67,Glazier,FL,Statewide,Journeyman,Average,34000,52800,75000,25.38,0,0,0,101,47-2121,FL median 9.5% below national; impact glass demand
68,Insulation Worker,FL,Statewide,Journeyman,Average,32000,44000,65000,21.15,0,0,0,101,47-2132,FL median 9.6% below national
69,Elevator Installer,FL,Statewide,Journeyman,Average,50000,96400,130000,46.35,0,0,0,101,47-4021,FL median 9.5% below national
70,Solar PV Installer,FL,Statewide,Journeyman,Average,34000,48200,68000,23.17,0,0,0,101,47-2231,FL median 7.1% below national
71,Painter,FL,Statewide,Journeyman,Average,30000,43800,65000,21.06,0,0,0,101,47-2141,FL median 10.0% below national
72,Flooring/Tile Setter,FL,Statewide,Journeyman,Average,31000,46500,68000,22.36,0,0,0,101,47-2044,FL median 10.6% below national
73,Drywall Installer,FL,Statewide,Journeyman,Average,34000,50800,74000,24.42,0,0,0,101,47-2081,FL median 12.6% below national
74,Brickmason,FL,Statewide,Journeyman,Average,33000,48600,72000,23.37,0,0,0,101,47-2021,FL median 14.1% below national
75,Boilermaker,FL,Statewide,Journeyman,Average,42000,66200,95000,31.83,0,0,0,101,47-2011,FL median 9.7% below national
76,Millwright,FL,Statewide,Journeyman,Average,38000,58400,82000,28.08,0,0,0,101,49-9044,FL median 8.0% below national
77,Lineman,FL,Statewide,Journeyman,Average,46000,78600,110000,37.79,0,0,0,101,49-9051,FL median 15.1% below national; storm restoration double-time+
78,Fire Sprinkler Fitter,FL,Statewide,Journeyman,Average,35000,55800,78000,26.83,0,0,0,101,47-2152,FL median 10.4% below national
79,Electrician,FL,Miami-Fort Lauderdale,Journeyman,Average,48000,67000,92000,32.21,36.25,0,0,118,47-2111,Highest-paying FL metro; +11% vs FL avg; 125K construction workers
80,Plumber/Pipefitter,FL,Miami-Fort Lauderdale,Journeyman,Average,44000,62270,86000,29.94,34.00,0,0,118,47-2152,+11.2% vs FL avg; Davis-Bacon base $32-36/hr
81,HVAC Technician,FL,Miami-Fort Lauderdale,Journeyman,Average,42000,61670,82000,29.65,0,0,0,118,49-9021,+9.8% vs FL avg
82,Carpenter,FL,Miami-Fort Lauderdale,Journeyman,Average,40000,58400,78000,28.08,30.00,0,0,118,47-2031,+8.6% vs FL avg; Davis-Bacon $28-32/hr
83,Ironworker,FL,Miami-Fort Lauderdale,Journeyman,Average,42000,61200,84000,29.42,32.00,0,0,118,47-2221,+12.1% vs FL avg; Davis-Bacon $30-34/hr
84,Heavy Equipment Operator,FL,Miami-Fort Lauderdale,Journeyman,Average,40000,57800,78000,27.79,30.50,0,0,118,47-2073,+10.3% vs FL avg; Davis-Bacon $28-33/hr
85,Crane Operator,FL,Miami-Fort Lauderdale,Journeyman,Average,48000,70200,95000,33.75,0,0,0,118,53-7021,+12.3% vs FL avg
86,Roofer,FL,Miami-Fort Lauderdale,Journeyman,Average,35000,50800,72000,24.42,24.00,0,0,118,47-2181,+12.4% vs FL avg; Davis-Bacon $22-26/hr
87,Elevator Installer,FL,Miami-Fort Lauderdale,Journeyman,Average,70000,105200,138000,50.58,51.84,0,0,118,47-4021,+9.1% vs FL avg; highest trade rate in FL $50-54/hr prevailing
88,Glazier,FL,Miami-Fort Lauderdale,Journeyman,Average,40000,59400,80000,28.56,0,0,0,118,47-2121,+12.5% vs FL avg; hurricane impact glass demand
89,Sheet Metal Worker,FL,Miami-Fort Lauderdale,Journeyman,Average,42000,60800,84000,29.23,33.00,0,0,118,47-2211,+12.2% vs FL avg; Davis-Bacon $31-35/hr
90,Painter,FL,Miami-Fort Lauderdale,Journeyman,Average,34000,49200,68000,23.65,23.50,0,0,118,47-2141,+12.3% vs FL avg; Davis-Bacon $22-25/hr
91,Electrician,FL,Miami-Fort Lauderdale,Journeyman,Union,54080,67000,92000,36.00,36.25,0,0,118,47-2111,IBEW Local 349; JW base $34-38/hr
92,Plumber/Pipefitter,FL,Miami-Fort Lauderdale,Journeyman,Union,51200,62270,86000,34.00,34.00,0,0,118,47-2152,UA Local 630; JW base $32-36/hr
93,Carpenter,FL,Miami-Fort Lauderdale,Journeyman,Union,44800,58400,78000,30.00,30.00,0,0,118,47-2031,Carpenters Local 1765; JW base $28-32/hr
94,Electrician,FL,Miami-Fort Lauderdale,Journeyman,Non-Union,40000,57000,72000,27.50,0,0,0,118,47-2111,Non-union JW $25-30/hr in FL; 27-33% below union rate
95,Plumber/Pipefitter,FL,Miami-Fort Lauderdale,Journeyman,Non-Union,36800,53000,68000,25.50,0,0,0,118,47-2152,Non-union JW $23-28/hr in FL
96,Electrician,FL,Tampa-St. Petersburg,Journeyman,Average,42000,60400,82000,29.04,0,0,0,102,47-2111,+0.1% vs FL avg; IBEW Local 915 territory
97,Plumber/Pipefitter,FL,Tampa-St. Petersburg,Journeyman,Average,42000,61430,84000,29.53,0,0,0,102,47-2152,+9.7% vs FL avg
98,HVAC Technician,FL,Tampa-St. Petersburg,Journeyman,Average,38000,55800,76000,26.83,0,0,0,102,49-9021,-0.6% vs FL avg
99,Carpenter,FL,Tampa-St. Petersburg,Journeyman,Average,38000,54200,74000,26.06,0,0,0,102,47-2031,+0.7% vs FL avg
100,Ironworker,FL,Tampa-St. Petersburg,Journeyman,Average,38000,55800,76000,26.83,0,0,0,102,47-2221,+2.2% vs FL avg
101,Heavy Equipment Operator,FL,Tampa-St. Petersburg,Journeyman,Average,38000,53600,74000,25.77,0,0,0,102,47-2073,+2.3% vs FL avg
102,Crane Operator,FL,Tampa-St. Petersburg,Journeyman,Average,44000,64200,88000,30.87,0,0,0,102,53-7021,+2.7% vs FL avg
103,Roofer,FL,Tampa-St. Petersburg,Journeyman,Average,32000,46400,66000,22.31,0,0,0,102,47-2181,+2.7% vs FL avg
104,Elevator Installer,FL,Tampa-St. Petersburg,Journeyman,Average,66000,98600,130000,47.40,0,0,0,102,47-4021,+2.3% vs FL avg
105,Electrician,FL,Tampa-St. Petersburg,Journeyman,Union,51200,60400,82000,34.00,0,0,0,102,47-2111,IBEW Local 915; JW base approx $32-36/hr; total package ~$52-58/hr
106,Electrician,FL,Orlando-Kissimmee,Journeyman,Average,44000,63950,86000,30.75,0,0,0,103,47-2111,+6.0% vs FL avg; theme park expansion; $35B pipeline
107,Plumber/Pipefitter,FL,Orlando-Kissimmee,Journeyman,Average,40000,58200,80000,27.98,0,0,0,103,47-2152,+3.9% vs FL avg
108,HVAC Technician,FL,Orlando-Kissimmee,Journeyman,Average,40000,57400,78000,27.60,0,0,0,103,49-9021,+2.2% vs FL avg
109,Carpenter,FL,Orlando-Kissimmee,Journeyman,Average,38000,55600,76000,26.73,0,0,0,103,47-2031,+3.3% vs FL avg
110,Ironworker,FL,Orlando-Kissimmee,Journeyman,Average,38000,56200,76000,27.02,0,0,0,103,47-2221,+2.9% vs FL avg
111,Heavy Equipment Operator,FL,Orlando-Kissimmee,Journeyman,Average,38000,54800,74000,26.35,0,0,0,103,47-2073,+4.6% vs FL avg
112,Roofer,FL,Orlando-Kissimmee,Journeyman,Average,32000,47200,66000,22.69,0,0,0,103,47-2181,+4.4% vs FL avg
113,Elevator Installer,FL,Orlando-Kissimmee,Journeyman,Average,68000,100800,132000,48.46,0,0,0,103,47-4021,+4.6% vs FL avg; theme park/convention center construction
114,Electrician,FL,Orlando-Kissimmee,Journeyman,Union,48000,63950,86000,32.50,0,0,0,103,47-2111,IBEW Local 606; JW base approx $30-35/hr
115,Electrician,FL,Jacksonville,Journeyman,Average,44000,62400,84000,30.00,0,0,0,92,47-2111,+3.4% vs FL avg; best purchasing power metro in FL
116,Plumber/Pipefitter,FL,Jacksonville,Journeyman,Average,40000,58600,80000,28.17,0,0,0,92,47-2152,+4.6% vs FL avg
117,HVAC Technician,FL,Jacksonville,Journeyman,Average,38000,56800,78000,27.31,0,0,0,92,49-9021,+1.2% vs FL avg
118,Carpenter,FL,Jacksonville,Journeyman,Average,38000,55200,74000,26.54,0,0,0,92,47-2031,+2.6% vs FL avg
119,Heavy Equipment Operator,FL,Jacksonville,Journeyman,Average,38000,54200,74000,26.06,0,0,0,92,47-2073,+3.4% vs FL avg
120,Roofer,FL,Jacksonville,Journeyman,Average,32000,46800,66000,22.50,0,0,0,92,47-2181,+3.5% vs FL avg
121,Lineman,FL,Jacksonville,Journeyman,Average,56000,82400,112000,39.62,0,0,0,92,49-9051,+4.8% vs FL avg; Naval Station Mayport; port expansion
122,Electrician,FL,Cape Coral-Fort Myers,Journeyman,Average,40000,58200,78000,27.98,0,0,0,100,47-2111,-3.6% vs FL avg; post-Hurricane Ian recovery ongoing
123,Plumber/Pipefitter,FL,Cape Coral-Fort Myers,Journeyman,Average,38000,54800,74000,26.35,0,0,0,100,47-2152,-2.1% vs FL avg
124,HVAC Technician,FL,Cape Coral-Fort Myers,Journeyman,Average,36000,54200,74000,26.06,0,0,0,100,49-9021,-3.5% vs FL avg
125,Carpenter,FL,Cape Coral-Fort Myers,Journeyman,Average,36000,52400,72000,25.19,0,0,0,100,47-2031,-2.6% vs FL avg
126,Roofer,FL,Cape Coral-Fort Myers,Journeyman,Average,34000,48600,68000,23.37,0,0,0,100,47-2181,+7.5% vs FL avg; elevated post-Hurricane Ian demand
127,Electrician,FL,Sarasota-Bradenton,Journeyman,Average,42000,59800,80000,28.75,0,0,0,106,47-2111,-0.9% vs FL avg
128,Plumber/Pipefitter,FL,Sarasota-Bradenton,Journeyman,Average,38000,56400,76000,27.12,0,0,0,106,47-2152,+0.7% vs FL avg
129,HVAC Technician,FL,Sarasota-Bradenton,Journeyman,Average,38000,55200,74000,26.54,0,0,0,106,49-9021,-1.7% vs FL avg
130,Carpenter,FL,Sarasota-Bradenton,Journeyman,Average,38000,54600,74000,26.25,0,0,0,106,47-2031,+1.5% vs FL avg
131,Roofer,FL,Sarasota-Bradenton,Journeyman,Average,32000,46200,64000,22.21,0,0,0,106,47-2181,+2.2% vs FL avg
132,Electrician,FL,Palm Bay-Melbourne (Space Coast),Journeyman,Average,42000,61200,82000,29.42,0,0,0,100,47-2111,+1.4% vs FL avg; SpaceX/Cape Canaveral construction
133,Plumber/Pipefitter,FL,Palm Bay-Melbourne (Space Coast),Journeyman,Average,40000,57400,78000,27.60,0,0,0,100,47-2152,+2.5% vs FL avg
134,HVAC Technician,FL,Palm Bay-Melbourne (Space Coast),Journeyman,Average,38000,55800,76000,26.83,0,0,0,100,49-9021,-0.6% vs FL avg
135,Heavy Equipment Operator,FL,Palm Bay-Melbourne (Space Coast),Journeyman,Average,38000,54600,74000,26.25,0,0,0,100,47-2073,+4.2% vs FL avg; military/Patrick SFB projects
136,Electrician,FL,Pensacola,Journeyman,Average,38000,56400,76000,27.12,0,0,0,91,47-2111,-6.5% vs FL avg; lower due to AL/MS labor market proximity
137,Plumber/Pipefitter,FL,Pensacola,Journeyman,Average,36000,52800,72000,25.38,0,0,0,91,47-2152,-5.7% vs FL avg
138,HVAC Technician,FL,Pensacola,Journeyman,Average,34000,52200,72000,25.10,0,0,0,91,49-9021,-7.0% vs FL avg
139,Carpenter,FL,Pensacola,Journeyman,Average,34000,50400,70000,24.23,0,0,0,91,47-2031,-6.3% vs FL avg; NAS Pensacola military construction
140,Electrician,FL,Tallahassee,Journeyman,Average,36000,55200,74000,26.54,0,0,0,94,47-2111,-8.5% vs FL avg; state government/university construction
141,Plumber/Pipefitter,FL,Tallahassee,Journeyman,Average,34000,51600,70000,24.81,0,0,0,94,47-2152,-7.9% vs FL avg
142,HVAC Technician,FL,Tallahassee,Journeyman,Average,34000,51200,70000,24.62,0,0,0,94,49-9021,-8.8% vs FL avg
143,Carpenter,FL,Tallahassee,Journeyman,Average,34000,49800,68000,23.94,0,0,0,94,47-2031,-7.4% vs FL avg; limited high-rise demand
144,Electrician,FL,Naples-Marco Island,Journeyman,Average,44000,63800,86000,30.67,0,0,0,112,47-2111,+5.7% vs FL avg; high-end residential/luxury market
145,Plumber/Pipefitter,FL,Naples-Marco Island,Journeyman,Average,42000,60200,82000,28.94,0,0,0,112,47-2152,+7.5% vs FL avg
146,HVAC Technician,FL,Naples-Marco Island,Journeyman,Average,40000,58400,78000,28.08,0,0,0,112,49-9021,+4.0% vs FL avg
147,Carpenter,FL,Naples-Marco Island,Journeyman,Average,40000,57800,78000,27.79,0,0,0,112,47-2031,+7.4% vs FL avg; luxury client base supports premium wages
148,Roofer,FL,Naples-Marco Island,Journeyman,Average,34000,48200,68000,23.17,0,0,0,112,47-2181,+6.6% vs FL avg
149,Electrician,CA,Statewide,Journeyman,Average,52000,78400,106030,37.69,0,0,0,145,47-2111,CA median 25.7% above national; highest-paying state for most trades
150,Plumber/Pipefitter,CA,Statewide,Journeyman,Average,52000,83800,102000,40.29,0,0,0,145,47-2152,CA median 33.1% above national
151,HVAC Technician,CA,Statewide,Journeyman,Average,42000,63000,90780,30.29,0,0,0,145,49-9021,CA median 10.0% above national
152,Welder,CA,Statewide,Journeyman,Average,40000,56800,77540,27.31,0,0,0,145,51-4121,CA median 11.4% above national
153,Carpenter,CA,Statewide,Journeyman,Average,48000,72600,94080,34.90,0,0,0,145,47-2031,CA median 22.4% above national
154,Ironworker,CA,Statewide,Journeyman,Average,48000,78200,100550,37.60,0,0,0,145,47-2221,CA median 24.7% above national
155,Roofer,CA,Statewide,Journeyman,Average,40000,58400,80780,28.08,0,0,0,145,47-2181,CA median 14.6% above national
156,Concrete Finisher,CA,Statewide,Journeyman,Average,40000,62400,84200,30.00,0,0,0,145,47-2051,CA median 17.3% above national
157,Heavy Equipment Operator,CA,Statewide,Journeyman,Average,48000,72800,99930,35.00,0,0,0,145,47-2073,CA median 24.8% above national
158,Crane Operator,CA,Statewide,Journeyman,Average,52000,86200,98820,41.44,0,0,0,145,53-7021,CA median 26.7% above national
159,Sheet Metal Worker,CA,Statewide,Journeyman,Average,48000,78600,102680,37.79,0,0,0,145,47-2211,CA median 29.2% above national
160,Glazier,CA,Statewide,Journeyman,Average,44000,72200,91800,34.71,0,0,0,145,47-2121,CA median 23.8% above national
161,Insulation Worker,CA,Statewide,Journeyman,Average,44000,72400,94110,34.81,0,0,0,145,47-2132,CA median 26.5% above national; mechanical insulation
162,Elevator Installer,CA,Statewide,Journeyman,Average,80000,122400,139840,58.85,0,0,0,145,47-4021,CA median 14.8% above national
163,Solar PV Installer,CA,Statewide,Journeyman,Average,40000,55200,74400,26.54,0,0,0,145,47-2231,CA median 6.4% above national
164,Painter,CA,Statewide,Journeyman,Average,40000,58600,76920,28.17,0,0,0,145,47-2141,CA median 20.4% above national
165,Flooring/Tile Setter,CA,Statewide,Journeyman,Average,38000,60400,82100,29.04,0,0,0,145,47-2044,CA median 16.2% above national
166,Drywall Installer,CA,Statewide,Journeyman,Average,42000,66800,88450,32.12,0,0,0,145,47-2081,CA median 14.9% above national
167,Brickmason,CA,Statewide,Journeyman,Average,42000,68400,90400,32.88,0,0,0,145,47-2021,CA median 20.8% above national
168,Boilermaker,CA,Statewide,Journeyman,Average,52000,86200,108640,41.44,0,0,0,145,47-2011,CA median 17.5% above national
169,Millwright,CA,Statewide,Journeyman,Average,48000,74800,94760,35.96,0,0,0,145,49-9044,CA median 17.8% above national
170,Lineman,CA,Statewide,Journeyman,Average,62000,108400,129960,52.12,0,0,0,145,49-9051,CA median 17.1% above national
171,Fire Sprinkler Fitter,CA,Statewide,Journeyman,Average,50000,80200,95000,38.56,0,0,0,145,47-2152,CA median 28.8% above national
172,Tree Trimmer/Arborist,CA,Statewide,Journeyman,Average,38000,56400,75870,27.12,0,0,0,145,37-3013,CA median 11.8% above national
173,Electrician,CA,Los Angeles,Journeyman,Average,56000,82400,106030,39.62,60.00,0,0,150,47-2111,+5.1% vs CA avg; IBEW Local 11; DIR prevailing $58-62/hr base
174,Plumber/Pipefitter,CA,Los Angeles,Journeyman,Average,60000,88600,102000,42.60,57.00,0,0,150,47-2152,+5.7% vs CA avg; DIR prevailing $55-59/hr base
175,HVAC Technician,CA,Los Angeles,Journeyman,Average,46000,66200,90780,31.83,0,0,0,150,49-9021,+5.1% vs CA avg
176,Carpenter,CA,Los Angeles,Journeyman,Average,52000,76800,94080,36.92,54.00,0,0,150,47-2031,+5.8% vs CA avg; DIR prevailing $52-56/hr base
177,Ironworker,CA,Los Angeles,Journeyman,Average,56000,82600,100550,39.71,55.83,0,0,150,47-2221,+5.6% vs CA avg; DIR ironworker $55.83/hr base
178,Heavy Equipment Operator,CA,Los Angeles,Journeyman,Average,52000,78200,99930,37.60,54.00,0,0,150,47-2073,+7.4% vs CA avg; DIR OE $52-56/hr base
179,Crane Operator,CA,Los Angeles,Journeyman,Average,58000,92400,98820,44.42,59.00,0,0,150,53-7021,+7.2% vs CA avg; DIR crane $56-62/hr base
180,Sheet Metal Worker,CA,Los Angeles,Journeyman,Average,56000,82800,102680,39.81,56.00,0,0,150,47-2211,+5.3% vs CA avg; DIR $54-58/hr base
181,Elevator Installer,CA,Los Angeles,Journeyman,Average,86000,128600,139840,61.83,70.00,0,0,150,47-4021,+5.1% vs CA avg; DIR $68-72/hr base
182,Painter,CA,Los Angeles,Journeyman,Average,44000,62400,76920,30.00,46.00,0,0,150,47-2141,+6.5% vs CA avg; DIR $44-48/hr base
183,Electrician,CA,Los Angeles,Journeyman,Union,93600,109200,124800,58.50,60.00,0,0,150,47-2111,IBEW Local 11; JW base ~$57-60/hr; total package ~$90-96/hr
184,Plumber/Pipefitter,CA,Los Angeles,Journeyman,Union,88400,109200,122720,57.00,57.00,0,0,150,47-2152,UA Local 78; JW base ~$55-59/hr; total package ~$85-93/hr
185,Carpenter,CA,Los Angeles,Journeyman,Union,83200,104000,116480,54.00,54.00,0,0,150,47-2031,SWCRCC; JW base ~$52-56/hr; total package ~$80-88/hr
186,Electrician,CA,San Francisco,Journeyman,Average,68000,98400,130000,47.31,86.25,0,0,182,47-2111,#1 highest-paying metro for electricians in US; +25.5% vs CA avg
187,Plumber/Pipefitter,CA,San Francisco,Journeyman,Average,70000,102600,130000,49.33,74.00,0,0,182,47-2152,+22.4% vs CA avg; DIR $72-76/hr base
188,HVAC Technician,CA,San Francisco,Journeyman,Average,50000,74200,100000,35.67,0,0,0,182,49-9021,+17.8% vs CA avg
189,Carpenter,CA,San Francisco,Journeyman,Average,60000,88400,110000,42.50,62.00,0,0,182,47-2031,+21.8% vs CA avg; DIR $60-64/hr base
190,Ironworker,CA,San Francisco,Journeyman,Average,66000,96800,120000,46.54,64.00,0,0,182,47-2221,+23.8% vs CA avg; DIR $62-66/hr base
191,Heavy Equipment Operator,CA,San Francisco,Journeyman,Average,62000,92400,115000,44.42,60.00,0,0,182,47-2073,+26.9% vs CA avg; DIR OE $58-62/hr base
192,Crane Operator,CA,San Francisco,Journeyman,Average,70000,108600,130000,52.21,0,0,0,182,53-7021,+26.0% vs CA avg; tower crane operators earn $120K+
193,Sheet Metal Worker,CA,San Francisco,Journeyman,Average,66000,96200,120000,46.25,68.00,0,0,182,47-2211,+22.4% vs CA avg; DIR $66-70/hr base
194,Elevator Installer,CA,San Francisco,Journeyman,Average,96000,142600,160000,68.56,78.00,0,0,182,47-4021,+16.5% vs CA avg; DIR $76-80/hr base
195,Painter,CA,San Francisco,Journeyman,Average,50000,72800,95000,35.00,0,0,0,182,47-2141,+24.2% vs CA avg
196,Electrician,CA,San Francisco,Journeyman,Union,135200,175760,183040,84.50,86.25,0,0,182,47-2111,IBEW Local 6; JW base ~$84.50/hr; total package ~$130-140/hr; highest IBEW local
197,Plumber/Pipefitter,CA,San Francisco,Journeyman,Union,115200,149760,158080,72.00,74.00,0,0,182,47-2152,UA Local 38; JW base ~$68-72/hr; total package ~$108-116/hr
198,Carpenter,CA,San Francisco,Journeyman,Union,96000,120640,128960,60.00,62.00,0,0,182,47-2031,SWCRCC Bay Area; JW base ~$58-62/hr; total package ~$92-100/hr
199,Electrician,CA,San Jose-Sunnyvale,Journeyman,Average,64000,94600,122000,45.48,0,0,0,176,47-2111,+20.7% vs CA avg; Silicon Valley data center construction boom
200,Plumber/Pipefitter,CA,San Jose-Sunnyvale,Journeyman,Average,68000,98200,126000,47.21,0,0,0,176,47-2152,+17.2% vs CA avg
201,HVAC Technician,CA,San Jose-Sunnyvale,Journeyman,Average,48000,72400,96000,34.81,0,0,0,176,49-9021,+14.9% vs CA avg
202,Carpenter,CA,San Jose-Sunnyvale,Journeyman,Average,58000,86200,110000,41.44,0,0,0,176,47-2031,+18.7% vs CA avg
203,Ironworker,CA,San Jose-Sunnyvale,Journeyman,Average,62000,92400,118000,44.42,0,0,0,176,47-2221,+18.2% vs CA avg
204,Heavy Equipment Operator,CA,San Jose-Sunnyvale,Journeyman,Average,60000,88600,112000,42.60,0,0,0,176,47-2073,+21.7% vs CA avg
205,Elevator Installer,CA,San Jose-Sunnyvale,Journeyman,Average,92000,138200,155000,66.44,0,0,0,176,47-4021,+12.9% vs CA avg
206,Electrician,CA,San Jose-Sunnyvale,Journeyman,Union,115200,149760,158080,74.00,0,0,0,176,47-2111,IBEW Local 332; JW base ~$72-76/hr; total package ~$110-120/hr; data center demand
207,Electrician,CA,San Diego,Journeyman,Average,52000,78800,102000,37.88,0,0,0,142,47-2111,+0.5% vs CA avg; military construction driver
208,Plumber/Pipefitter,CA,San Diego,Journeyman,Average,56000,82400,102000,39.62,0,0,0,142,47-2152,-1.7% vs CA avg
209,HVAC Technician,CA,San Diego,Journeyman,Average,44000,64600,88000,31.06,0,0,0,142,49-9021,+2.5% vs CA avg
210,Carpenter,CA,San Diego,Journeyman,Average,48000,72400,94000,34.81,0,0,0,142,47-2031,-0.3% vs CA avg
211,Ironworker,CA,San Diego,Journeyman,Average,52000,76800,100000,36.92,0,0,0,142,47-2221,-1.8% vs CA avg
212,Heavy Equipment Operator,CA,San Diego,Journeyman,Average,48000,72200,96000,34.71,0,0,0,142,47-2073,-0.8% vs CA avg
213,Elevator Installer,CA,San Diego,Journeyman,Average,80000,120400,140000,57.88,0,0,0,142,47-4021,-1.6% vs CA avg
214,Electrician,CA,San Diego,Journeyman,Union,80000,104000,112320,52.00,0,0,0,142,47-2111,IBEW Local 569; JW base ~$50-54/hr; total package ~$82-88/hr
215,Plumber/Pipefitter,CA,San Diego,Journeyman,Union,76800,100000,108160,50.00,0,0,0,142,47-2152,UA Local 230; JW base ~$48-52/hr; total package ~$78-84/hr
216,Carpenter,CA,San Diego,Journeyman,Union,73600,96000,104000,48.00,0,0,0,142,47-2031,SWCRCC San Diego; JW base ~$46-50/hr; total package ~$74-80/hr
217,Electrician,CA,Sacramento,Journeyman,Average,52000,76200,100000,36.63,0,0,0,122,47-2111,-2.8% vs CA avg; state government construction driver
218,Plumber/Pipefitter,CA,Sacramento,Journeyman,Average,54000,80600,104000,38.75,0,0,0,122,47-2152,-3.8% vs CA avg
219,HVAC Technician,CA,Sacramento,Journeyman,Average,42000,62400,84000,30.00,0,0,0,122,49-9021,-1.0% vs CA avg
220,Carpenter,CA,Sacramento,Journeyman,Average,48000,70800,92000,34.04,0,0,0,122,47-2031,-2.5% vs CA avg
221,Heavy Equipment Operator,CA,Sacramento,Journeyman,Average,48000,72200,96000,34.71,0,0,0,122,47-2073,-0.8% vs CA avg
222,Elevator Installer,CA,Sacramento,Journeyman,Average,78000,118200,138000,56.83,0,0,0,122,47-4021,-3.4% vs CA avg
223,Electrician,CA,Sacramento,Journeyman,Union,83200,108160,116480,54.00,0,0,0,122,47-2111,IBEW Local 340; JW base ~$52-56/hr; total package ~$84-90/hr
224,Plumber/Pipefitter,CA,Sacramento,Journeyman,Union,80000,104000,112320,52.00,0,0,0,122,47-2152,UA Local 447; JW base ~$50-54/hr; total package ~$80-86/hr
225,Carpenter,CA,Sacramento,Journeyman,Union,76800,100000,108160,50.00,0,0,0,122,47-2031,SWCRCC Sacramento; JW base ~$48-52/hr; total package ~$76-82/hr
226,Electrician,CA,Riverside-San Bernardino,Journeyman,Average,48000,72400,96000,34.81,0,0,0,112,47-2111,-7.7% vs CA avg; massive warehouse/logistics construction
227,Plumber/Pipefitter,CA,Riverside-San Bernardino,Journeyman,Average,50000,76800,100000,36.92,0,0,0,112,47-2152,-8.4% vs CA avg
228,HVAC Technician,CA,Riverside-San Bernardino,Journeyman,Average,40000,60800,82000,29.23,0,0,0,112,49-9021,-3.5% vs CA avg
229,Carpenter,CA,Riverside-San Bernardino,Journeyman,Average,46000,68200,90000,32.79,0,0,0,112,47-2031,-6.1% vs CA avg
230,Heavy Equipment Operator,CA,Riverside-San Bernardino,Journeyman,Average,46000,68400,92000,32.88,0,0,0,112,47-2073,-6.0% vs CA avg; lower COL attracting workers from LA
231,Electrician,CA,Riverside-San Bernardino,Journeyman,Union,76800,100000,108160,50.00,0,0,0,112,47-2111,IBEW Local 440; JW base ~$48-52/hr; total package ~$78-84/hr
232,Carpenter,CA,Riverside-San Bernardino,Journeyman,Union,70400,92000,99840,46.00,0,0,0,112,47-2031,SWCRCC Inland Empire; JW base ~$44-48/hr; total package ~$72-78/hr
233,Electrician,CA,Fresno,Journeyman,Average,44000,68200,90000,32.79,0,0,0,102,47-2111,-13.0% vs CA avg; High-Speed Rail construction driver
234,Plumber/Pipefitter,CA,Fresno,Journeyman,Average,48000,72400,96000,34.81,0,0,0,102,47-2152,-13.6% vs CA avg
235,HVAC Technician,CA,Fresno,Journeyman,Average,38000,58200,78000,27.98,0,0,0,102,49-9021,-7.6% vs CA avg
236,Carpenter,CA,Fresno,Journeyman,Average,42000,64600,86000,31.06,0,0,0,102,47-2031,-11.0% vs CA avg
237,Electrician,CA,Bakersfield,Journeyman,Average,46000,70400,92000,33.85,0,0,0,98,47-2111,-10.2% vs CA avg; oil/gas and renewable energy drivers
238,Plumber/Pipefitter,CA,Bakersfield,Journeyman,Average,48000,74200,98000,35.67,0,0,0,98,47-2152,-11.5% vs CA avg
239,HVAC Technician,CA,Bakersfield,Journeyman,Average,40000,59600,80000,28.65,0,0,0,98,49-9021,-5.4% vs CA avg
240,Carpenter,CA,Bakersfield,Journeyman,Average,44000,66800,88000,32.12,0,0,0,98,47-2031,-8.0% vs CA avg
241,Heavy Equipment Operator,CA,Bakersfield,Journeyman,Average,48000,70200,94000,33.75,0,0,0,98,47-2073,-3.6% vs CA avg; Tehachapi wind farms and solar
242,Electrician,TX,Statewide,Journeyman,Average,40000,60000,90000,28.85,0,0,0,93,47-2111,No state income tax; right-to-work state; Gulf Coast refinery demand
243,Plumber/Pipefitter,TX,Statewide,Journeyman,Average,38000,58000,88000,27.88,0,0,0,93,47-2152,Strong demand from petrochemical industry
244,HVAC Technician,TX,Statewide,Journeyman,Average,36000,54000,78000,25.96,0,0,0,93,49-9021,High cooling demand year-round
245,Welder,TX,Statewide,Journeyman,Average,36000,52000,80000,25.00,0,0,0,93,51-4121,Pipeline and refinery welding commands premiums
246,Carpenter,TX,Statewide,Journeyman,Average,36000,54000,78000,25.96,0,0,0,93,47-2031,Large residential and commercial construction market
247,Electrician,NY,Statewide,Journeyman,Average,48000,72000,120000,34.62,0,0,0,130,47-2111,Strong union presence; 6.85% state income tax; high prevailing wage
248,Plumber/Pipefitter,NY,Statewide,Journeyman,Average,48000,74000,118000,35.58,0,0,0,130,47-2152,NYC metro drives highest wages; strong union density
249,Electrician,WA,Statewide,Journeyman,Average,50000,76000,110000,36.54,0,0,0,115,47-2111,No state income tax; state prevailing wage law; tech-driven demand
250,Plumber/Pipefitter,WA,Statewide,Journeyman,Average,48000,72000,105000,34.62,0,0,0,115,47-2152,Seattle metro premium significant
251,Electrician,IL,Statewide,Journeyman,Average,46000,70000,105000,33.65,0,0,0,97,47-2111,Strong union state; prevailing wage applies regardless of project size
252,Plumber/Pipefitter,IL,Statewide,Journeyman,Average,46000,72000,108000,34.62,0,0,0,97,47-2152,Chicago drives highest wages in state
253,Electrician,OH,Statewide,Journeyman,Average,40000,58000,85000,27.88,0,0,0,90,47-2111,CHIPS Act semiconductor fab construction driving new demand
254,Electrician,AZ,Statewide,Journeyman,Average,40000,58000,88000,27.88,0,0,0,99,47-2111,TSMC/Intel fab construction; data center buildout; rapid population growth
255,HVAC Technician,AZ,Statewide,Journeyman,Average,36000,54000,78000,25.96,0,0,0,99,49-9021,Extreme heat drives high cooling demand
256,Electrician,FL,Miami-Fort Lauderdale,Apprentice,Average,34000,42000,52000,20.00,0,0,0,118,47-2111,Apprentice in highest-paying FL metro
257,Plumber/Pipefitter,FL,Miami-Fort Lauderdale,Apprentice,Average,32000,40000,50000,19.00,0,0,0,118,47-2152,Apprentice in Miami metro
258,HVAC Technician,FL,Miami-Fort Lauderdale,Apprentice,Average,30000,38000,48000,18.00,0,0,0,118,49-9021,Apprentice in Miami metro
259,Carpenter,FL,Miami-Fort Lauderdale,Apprentice,Average,30000,38000,48000,18.00,0,0,0,118,47-2031,Apprentice in Miami metro
260,Electrician,FL,Tampa-St. Petersburg,Apprentice,Average,32000,40000,50000,19.00,0,0,0,102,47-2111,Apprentice in Tampa metro
261,Electrician,FL,Orlando-Kissimmee,Apprentice,Average,32000,40000,50000,19.00,0,0,0,103,47-2111,Apprentice in Orlando metro
262,Electrician,FL,Jacksonville,Apprentice,Average,32000,40000,48000,19.00,0,0,0,92,47-2111,Apprentice in Jacksonville; best purchasing power for apprentices in FL
263,Electrician,FL,Miami-Fort Lauderdale,Foreman,Average,58000,77000,98000,37.00,0,0,0,118,47-2111,Foreman in highest-paying FL metro; 15-30% over JW
264,Plumber/Pipefitter,FL,Miami-Fort Lauderdale,Foreman,Average,55000,72000,94000,34.60,0,0,0,118,47-2152,Foreman in Miami metro
265,Electrician,FL,Miami-Fort Lauderdale,Superintendent,Average,70000,100000,135000,48.00,0,0,0,118,47-2111,Superintendent in Miami metro; 35-70% over JW
266,Electrician,CA,Los Angeles,Apprentice,Average,38000,48000,62000,23.00,0,0,0,150,47-2111,Apprentice in LA; IBEW Local 11 apprentice starts at 40% of JW
267,Plumber/Pipefitter,CA,Los Angeles,Apprentice,Average,36000,46000,60000,22.00,0,0,0,150,47-2152,Apprentice in LA metro
268,Carpenter,CA,Los Angeles,Apprentice,Average,34000,44000,58000,21.00,0,0,0,150,47-2031,Apprentice in LA metro
269,Electrician,CA,San Francisco,Apprentice,Average,44000,56000,72000,27.00,0,0,0,182,47-2111,Apprentice in SF; 40% of highest JW rate nationally
270,Plumber/Pipefitter,CA,San Francisco,Apprentice,Average,42000,54000,70000,26.00,0,0,0,182,47-2152,Apprentice in SF metro
271,Electrician,CA,San Diego,Apprentice,Average,36000,46000,58000,22.00,0,0,0,142,47-2111,Apprentice in San Diego metro
272,Electrician,CA,Los Angeles,Foreman,Average,72000,96000,120000,46.00,0,0,0,150,47-2111,Foreman in LA; 15-30% over journeyman base
273,Electrician,CA,San Francisco,Foreman,Average,86000,114000,142000,55.00,0,0,0,182,47-2111,Foreman in SF; 15-30% over highest JW rate
274,Electrician,CA,Los Angeles,Superintendent,Average,86000,118000,155000,57.00,0,0,0,150,47-2111,Superintendent in LA; 35-70% over JW
275,Electrician,CA,San Francisco,Superintendent,Average,102000,138000,175000,66.00,0,0,0,182,47-2111,Superintendent in SF; highest superintendent wages nationally
276,Electrician,CA,Los Angeles,Master,Average,86000,110000,140000,53.00,60.00,62,0,150,47-2111,Master electrician in LA; can pull permits; DIR prevailing wage basis
277,Plumber/Pipefitter,CA,Los Angeles,Master,Average,90000,115000,145000,55.00,57.00,16,0,150,47-2152,Master plumber in LA; can bid projects and pull permits
278,Electrician,CA,San Francisco,Master,Average,100000,130000,170000,62.50,86.25,62,0,182,47-2111,Master electrician in SF; highest master electrician wages
279,Plumber/Pipefitter,CA,San Francisco,Master,Average,98000,125000,160000,60.00,74.00,16,0,182,47-2152,Master plumber in SF
280,Electrician,FL,Statewide,Apprentice,Average,32000,40000,50000,19.00,0,0,0,101,47-2111,FL apprentice; no state income tax advantage on lower wages
281,Plumber/Pipefitter,FL,Statewide,Apprentice,Average,30000,38000,48000,18.00,0,0,0,101,47-2152,FL apprentice; starts at 40-45% of JW rate
282,HVAC Technician,FL,Statewide,Apprentice,Average,28000,36000,44000,17.00,0,0,0,101,49-9021,FL apprentice; often start as install helpers
283,Carpenter,FL,Statewide,Apprentice,Average,30000,38000,48000,18.00,0,0,0,101,47-2031,FL apprentice
284,Electrician,FL,Statewide,Master,Average,62000,80000,108000,38.50,0,62,0,101,47-2111,FL master electrician; permit-pulling premium
285,Plumber/Pipefitter,FL,Statewide,Master,Average,66000,82000,110000,39.40,0,16,0,101,47-2152,FL master plumber; can bid projects
286,Electrician,FL,Statewide,Foreman,Average,56000,72000,92000,34.60,0,0,0,101,47-2111,FL foreman; 15-30% over JW
287,Electrician,FL,Statewide,Superintendent,Average,62000,88000,120000,42.30,0,0,0,101,47-2111,FL superintendent; 35-70% over JW
288,Electrician,CA,Statewide,Apprentice,Average,36000,46000,60000,22.00,0,0,0,145,47-2111,CA apprentice; daily OT after 8 hrs applies
289,Plumber/Pipefitter,CA,Statewide,Apprentice,Average,34000,44000,58000,21.00,0,0,0,145,47-2152,CA apprentice
290,HVAC Technician,CA,Statewide,Apprentice,Average,32000,40000,52000,19.00,0,0,0,145,49-9021,CA apprentice
291,Carpenter,CA,Statewide,Apprentice,Average,34000,44000,58000,21.00,0,0,0,145,47-2031,CA apprentice; UBC starts at 50% JW
292,Electrician,CA,Statewide,Master,Average,86000,108000,140000,52.00,60.00,62,0,145,47-2111,CA master electrician; DIR prevailing wage rates; permit authority
293,Plumber/Pipefitter,CA,Statewide,Master,Average,88000,110000,142000,53.00,57.00,16,0,145,47-2152,CA master plumber; can bid and pull permits
294,Electrician,CA,Statewide,Foreman,Average,70000,92000,118000,44.00,0,0,0,145,47-2111,CA foreman; 15-30% over JW
295,Electrician,CA,Statewide,Superintendent,Average,82000,112000,148000,54.00,0,0,0,145,47-2111,CA superintendent; 35-70% over JW; daily OT rules boost earnings
